order_id,customer_name,order_date,channel,category,quantity,unit_price,country,payment_method,order_total,refund_amount
10001,Patty Richard,2026-08-21,Website,Apparel,4,160.06,United Kingdom,Gift Card,640.24,0.0
10002,Kelly Murphy,2026-08-21,Marketplace,Apparel,4,72.59,Canada,Gift Card,290.36,0.0
10003,Rachel Rogers,2026-08-21,Website,Home Goods,4,191.1,Canada,Credit Card,764.4,0.0
10004,Michael Stewart,2026-08-21,Marketplace,Sports,2,220.85,United States,Credit Card,441.7,322.91
10005,Lori Reid,2026-08-21,Retail Store,Sports,3,229.24,Australia,PayPal,687.72,462.54
10006,John Perez,2026-08-21,Website,Apparel,5,$160.47,United Kingdom,Gift Card,802.35,0.0
10007,Suzanne Cox,21-08-2026,Website,Sports,2,85.74,United Kingdom,Gift Card,171.48,87.56
10008,Monica Garcia,2026-08-21,Website,Beauty,4,49.0,Germany,Bank Transfer,196.0,0.0
10009,Justin Wright,2026-08-21,Website,Apparel,4,285.71,Australia,Gift Card,1142.84,0.0
10010,Shannon Werner,21-08-2026,Website,Home Goods,5,77.37,United States,PayPal,386.85,0.0
10011,Cassie Rush,2026-08-21,Marketplace,Sports,4,238.47,Canada,Bank Transfer,953.88,711.11
10012,Diane Parker,2026-08-21,Marketplace,Home Goods,4,172.48,Germany,Credit Card,689.92,0.0
10013,Mr. Brian Levy DDS,21-08-2026,Website,Sports,2,319.11,Germany,Gift Card,638.22,0.0
10014,Christopher Meyers,2026-08-21,Website,Beauty,5,140.4,Britain,Gift Card,702.0,0.0
10015,Emily Hall,2026-08-21,Website,Sports,5,261.71,Australia,PayPal,1308.55,0.0
10016,Wayne Pollard,2026-08-21,Retail Store,Sports,1548,$254.66,United States,Bank Transfer,254.66,0.0
10017,Todd Rose,2026-08-21,Website,Apparel,5,302.14,Australia,Gift Card,1510.7,0.0
10018,Patricia Jones,2026-08-21,Website,Apparel,4,291.25,United Kingdom,PayPal,1165.0,289.94
10019,Richard Williams,2026-08-21,Retail Store,Apparel,1,41.53,United Kingdom,Gift Card,41.53,0.0
10020,Mrs. Angela Cook MD,2026-08-21,Website,Apparel,5,349.36,Australia,PayPal,1746.8,0.0
10021,Scott Martinez PhD,2026-08-21,Marketplace,Electronics,5,103.86,Australia,Gift Card,519.3,0.0
10022,John Johnson,2026-08-21,Retail Store,Electronics,1,305.64,Germany,Bank Transfer,305.64,0.0
10023,Pamela Atkins,2026-08-21,Website,Beauty,4,33.95,Canada,Gift Card,135.8,0.0
10024,Donna Robinson,2026-08-21,Website,Apparel,5,339.2,Australia,PayPal,1696.0,0.0
10025,Brandy Evans,2026-08-21,Retail Store,Sports,3,159.45,United States,Credit Card,478.35,0.0
10026,Nathan Benson,2026-08-21,Website,Beauty,1,86.88,United States,Credit Card,86.88,0.0
10027,Ashley Kemp,2026-08-21,Website,Apparel,3,57.77,Germany,PayPal,173.31,0.0
10028,,2026-08-21,Marketplace,Electronics,4,298.59,Australia,Gift Card,1194.36,0.0
10029,Brittany Gutierrez,2026-08-21,Marketplace,Electronics,3,12.0,France,Gift Card,36.0,16.88
10030,Steven Bowen,2026-08-21,Website,Beauty,2,$146.17,Germany,Credit Card,292.34,0.0
10031,,2026-08-21,Website,Home Goods,3,274.08,Germany,Credit Card,822.24,0.0
10032,Joseph Parrish,2026-08-21,Website,Apparel,4,340.49,United States,Bank Transfer,1361.96,0.0
10033,Diana White,2026-08-21,Website,Beauty,3,284.33,United Kingdom,Bank Transfer,852.99,0.0
10034,Patricia Powell,2026-08-21,Website,Home Goods,4,38.47,United Kingdom,Credit Card,153.88,0.0
10035,Crystal Beard,2026-08-21,Website,Electronics,-1,135.61,United States,PayPal,135.61,0.0
10036,Justin Garrison,2026-08-21,Marketplace,Electronics,5,126.96,Canada,PayPal,634.8,0.0
10037,Karen Thomas,2026-08-21,Marketplace,Sports,4,132.12,Canada,PayPal,528.48,0.0
10038,James Grimes,2026-08-21,Website,Apparel,5,303.42,Australia,Gift Card,1517.1,0.0
10039,Jerry Brown,2026-08-21,Marketplace,Sports,1,56.7,United States,Bank Transfer,56.7,0.0
10040,Adam Taylor,2026-08-21,Website,Home Goods,1,302.6,Germany,PayPal,302.6,0.0
10041,Jake Jones,2026-08-21,Website,Home Goods,3,99.69,United Kingdom,Bank Transfer,299.07,63.74
10042,Brenda Evans,2026-08-21,Website,Sports,3,81.66,United Kingdom,Credit Card,244.98,141.17
10043,Jesse Blake,2026-08-21,Marketplace,Apparel,2,157.78,Germany,Bank Transfer,315.56,0.0
10044,Andrea Larson,2026-08-21,Website,Electronics,4,312.0,Australia,Bank Transfer,1248.0,0.0
10045,John Atkins MD,2026-08-21,Website,Sports,2,349.13,Germany,PayPal,698.26,0.0
10046,Jennifer Gutierrez,2026-08-21,Marketplace,Beauty,2,179.8,Germany,Gift Card,359.6,125.54
10047,Steven Aguirre,2026-08-21,Website,Apparel,5,140.88,France,Bank Transfer,704.4,0.0
10048,Victoria Adams,21-08-2026,Retail Store,Home Goods,2,271.31,Australia,PayPal,542.62,0.0
10049,Julie Ewing,2026-08-21,Website,Electronics,5,184.81,Germany,Credit Card,924.05,0.0
10050,Tara Martin,2026-08-21,Marketplace,Sports,1,234.67,United Kingdom,PayPal,234.67,0.0
10051,Brad Lee,2026-08-21,Website,Sports,1,$71.2,Germany,Credit Card,71.2,12.52
10052,Robert Vincent,2026-08-21,Website,Home Goods,5,230.89,Australia,Credit Card,1154.45,0.0
10053,Jennifer Zimmerman MD,2026-08-21,Marketplace,Electronics,3,99.85,United Kingdom,Credit Card,299.55,0.0
10054,Paula Romero,2026-08-21,Website,Sports,2,97.77,Canada,Credit Card,195.54,0.0
10055,Dennis Cabrera,2026-08-21,Website,Sports,5,325.87,Germany,Bank Transfer,1629.35,0.0
10056,Jennifer Mcguire,2026-08-21,Website,Sports,5,177.9,United Kingdom,Bank Transfer,889.5,0.0
10057,Tommy Rodriguez,2026-08-21,Website,Home Goods,4,$78.45,United States,PayPal,313.8,0.0
10058,Steven Olson,2026-08-21,Marketplace,Electronics,4,$308.59,United Kingdom,Bank Transfer,1234.36,0.0
10059,Alisha Gallegos,2026-08-21,Website,Home Goods,2,176.23,United Kingdom,Gift Card,352.46,0.0
10060,Robert Weaver,2026-08-21,Marketplace,Electronics,4,12.77,United States,Gift Card,51.08,0.0
10061,Mary Butler,2026-08-21,Retail Store,Apparel,4,152.54,United Kingdom,Bank Transfer,610.16,0.0
10062,Mrs. Melanie Brown MD,2026-08-21,Marketplace,Electronics,1,287.21,United States,Credit Card,287.21,0.0
10063,Susan Hanson,2026-08-21,Website,Electronics,4,63.99,United Kingdom,PayPal,255.96,0.0
10064,Christopher Peterson,2026-08-21,Website,Home Goods,2,145.87,Australia,PayPal,291.74,0.0
10065,Crystal Allison,2026-08-21,Marketplace,Electronics,4,246.75,United States,Bank Transfer,987.0,0.0
10066,Monica Harvey,2026-08-21,Website,Electronics,4,175.96,United Kingdom,Gift Card,703.84,594.82
10067,Katherine Ramirez,2026-08-21,Retail Store,Beauty,3,261.48,France,Gift Card,784.44,0.0
10068,Pamela Mcguire,2026-08-21,Retail Store,Sports,3,82.52,Germany,Bank Transfer,247.56,0.0
10069,Adam Ware,08/21/2026,Marketplace,Beauty,2,299.02,Britain,Credit Card,598.04,0.0
10070,Kayla Alexander,2026-08-21,Website,Home Goods,2,133.85,United States,Gift Card,267.7,0.0
10071,,2026-08-21,Marketplace,Home Goods,4,116.36,France,Gift Card,465.44,0.0
10072,Roger Camacho,2026-08-21,Website,Electronics,3,145.39,United States,Bank Transfer,436.17,0.0
10073,Renee Bush,2026-08-21,Website,Home Goods,1,153.68,United Kingdom,Bank Transfer,153.68,0.0
10074,Christopher Flores,21-08-2026,Website,Beauty,1,321.8,Australia,Gift Card,321.8,0.0
10075,Gerald Rice,2026-08-21,Marketplace,Home Goods,1,$344.33,United States,Credit Card,344.33,0.0
10076,Sydney Burnett,2026-08-21,Website,Home Goods,1,109.21,Australia,Bank Transfer,109.21,0.0
10077,Crystal Williams,2026-08-21,Website,Electronics,1,81.61,United Kingdom,Bank Transfer,81.61,0.0
10078,Mr. Brian Sims,2026-08-21,Website,Electronics,5,74.2,Germany,Gift Card,371.0,0.0
10079,Christopher Dodson,2026-08-21,Website,Home Goods,3,225.12,U.S.,Credit Card,675.36,0.0
10080,Gabriel Hunt,"August 21, 2026",Website,Electronics,2,335.28,United Kingdom,Credit Card,670.56,0.0
10081,Megan Mueller DVM,2026-08-21,Website,Electronics,2,$15.71,Canada,PayPal,31.42,0.0
10082,Kiara Cole,2026-08-21,Website,Sports,1008,94.51,Australia,Credit Card,378.04,135.77
10083,Roberta Valdez,2026-08-21,Website,Apparel,4,311.02,France,PayPal,1244.08,0.0
10084,Lisa Fox,2026-08-21,Marketplace,Electronics,1,254.13,Canada,PayPal,254.13,0.0
10085,John Ruiz,2026-08-21,Marketplace,Apparel,5,88.54,Australia,Credit Card,442.7,0.0
10086,Daniel Swanson,2026-08-21,Website,Electronics,2,269.1,United Kingdom,Gift Card,538.2,0.0
10087,Adam Costa,08/21/2026,Website,Sports,2,73.57,Canada,Credit Card,147.14,0.0
10088,,2026-08-21,Marketplace,Beauty,-2,320.86,Germany,Bank Transfer,641.72,0.0
10089,James Bird,2026-08-21,Retail Store,Electronics,5,$14.7,United States,Bank Transfer,73.5,0.0
10090,Teresa Martin,2026-08-21,Marketplace,Apparel,2,187.27,United Kingdom,Credit Card,374.54,0.0
10091,Justin Bryan,2026-08-21,Marketplace,Electronics,1,339.21,United States,Credit Card,339.21,0.0
10092,Richard Goodman,2026-08-21,Retail Store,Apparel,1,$308.78,Germany,Gift Card,308.78,0.0
10093,Brian Sharp,2026-08-21,Website,Beauty,5,313.43,United States,PayPal,1567.15,0.0
10094,Brandon Roberts,2026-08-21,Retail Store,Beauty,3,53.04,United States,Credit Card,159.12,0.0
10095,Hannah Harmon,2026-08-21,Website,Electronics,2,315.6,United Kingdom,PayPal,631.2,0.0
10096,Michael Schmidt,2026-08-21,Website,Sports,5,144.04,United States,PayPal,720.2,0.0
10097,Wendy Stafford,2026-08-21,Marketplace,Sports,1,164.16,France,Gift Card,164.16,0.0
10098,Kimberly Cummings,21-08-2026,Marketplace,Beauty,2,233.48,France,Gift Card,466.96,0.0
10099,Ashley Richardson,2026-08-21,Website,Apparel,1,293.4,United Kingdom,Gift Card,293.4,56.64
10100,Jordan Kirk,2026-08-21,Marketplace,Home Goods,1,295.16,France,Gift Card,295.16,172.09
10101,Allen Jennings,2026-08-21,Website,Electronics,5,263.75,United States,Credit Card,1318.75,0.0
10102,Nicole Dunn,2026-08-21,Website,Sports,3,345.22,United States,Credit Card,1035.66,0.0
10103,Teresa Taylor,2026-08-21,Marketplace,Electronics,3,44.75,Canada,Gift Card,134.25,0.0
10104,Rebekah Moreno,2026-08-21,Website,Electronics,4,56.22,United Kingdom,PayPal,224.88,0.0
10105,Andrew Miller,2026-08-21,Marketplace,Apparel,2,330.95,France,Credit Card,661.9,0.0
10106,Janet Davis,2026-08-21,Marketplace,Beauty,4,197.07,Australia,PayPal,788.28,0.0
10107,Tammy Murphy,2026-08-21,Marketplace,Apparel,3,12.21,United Kingdom,Bank Transfer,36.63,0.0
10108,Gabriel Ramsey,2026-08-21,Marketplace,Home Goods,5,219.47,Australia,Credit Card,1097.35,504.9
10109,Michael Velez,2026-08-21,Website,Electronics,1,166.49,Germany,Gift Card,166.49,0.0
10110,Amy Young,2026-08-21,Website,Electronics,4,335.22,Australia,Credit Card,1340.88,0.0
10111,Christopher Matthews,2026-08-21,Website,Electronics,1,291.57,Australia,Gift Card,291.57,31.57
10112,Paul Adams,"August 21, 2026",Website,Sports,3,193.7,Germany,Gift Card,581.1,250.73
10113,Mary George,2026-08-21,Website,Sports,5,$298.55,Canada,Gift Card,1492.75,0.0
10114,Robert Bennett,2026-08-21,Marketplace,Sports,5,170.05,Australia,Gift Card,850.25,0.0
10115,Raymond Davis,2026-08-21,Marketplace,Beauty,3,346.5,United States,Gift Card,1039.5,0.0
10116,Lauren Gallegos,21-08-2026,Retail Store,Sports,2,301.19,United Kingdom,Credit Card,602.38,0.0
10117,Anthony Bell,2026-08-21,Website,Apparel,3,317.1,Canada,Credit Card,951.3,0.0
10118,Mrs. Debbie Williams MD,2026-08-21,Website,Electronics,1,23.19,France,PayPal,23.19,0.0
10119,Javier Barker,2026-08-21,Marketplace,Apparel,5,$239.65,France,Bank Transfer,1198.25,0.0
10120,Jorge Dominguez,2026-08-21,Website,Beauty,2,289.18,United States,Credit Card,578.36,0.0
10121,Robert Webster,2026-08-21,Website,Sports,3,140.92,Australia,Credit Card,422.76,0.0
10122,David Walter,2026-08-21,Marketplace,Beauty,-5,152.7,France,PayPal,763.5,0.0
10123,Justin Russo,2026-08-21,Website,Electronics,4,295.58,France,Bank Transfer,1182.32,0.0
10124,Donald Walker,2026-08-21,Marketplace,Home Goods,4,122.45,Germany,Gift Card,489.8,0.0
10125,Amy Mason,2026-08-21,Retail Store,Sports,-1,64.82,Australia,Credit Card,64.82,0.0
10126,William Fuller,2026-08-21,Website,Home Goods,4,295.53,Australia,PayPal,1182.12,0.0
10127,Patricia Brown,2026-08-21,Website,Electronics,4,104.1,Australia,Gift Card,416.4,133.25
10128,Stacy Walker,2026-08-21,Marketplace,Beauty,1,254.68,Germany,Bank Transfer,254.68,0.0
10129,Mark Mcintyre,2026-08-21,Retail Store,Beauty,3,19.56,United States,Gift Card,58.68,0.0
10130,Joseph Cole MD,2026-08-21,Website,Apparel,3,217.76,Australia,Bank Transfer,653.28,0.0
10131,Michele Allison,2026-08-21,Website,Apparel,2,345.04,Canada,Gift Card,690.08,0.0
10132,David Nguyen,2026-08-21,Retail Store,Apparel,-2,343.77,Canada,Gift Card,687.54,0.0
10133,Sherry Foley,2026-08-21,Retail Store,Electronics,2,144.63,Australia,PayPal,289.26,0.0
10134,Keith Garcia,"August 21, 2026",Website,Beauty,2,169.05,United States,Gift Card,338.1,0.0
10135,Micheal Holloway,2026-08-21,Website,Home Goods,5,124.0,France,Credit Card,620.0,0.0
10136,Karen Schneider,2026-08-21,Marketplace,Sports,1,201.3,United States,Gift Card,201.3,0.0
10137,Juan Alvarez,2026-08-21,Marketplace,Electronics,2,$213.96,United States,PayPal,427.92,0.0
10138,Julia Horton,2026-08-21,Website,Beauty,2,228.96,Britain,Gift Card,457.92,0.0
10139,Samuel Ruiz,2026-08-21,Marketplace,Electronics,2,342.62,Australia,Credit Card,685.24,0.0
10140,Justin Mcmillan,2026-08-21,Marketplace,Electronics,4,321.12,United States,Bank Transfer,1284.48,0.0
10141,Robert Mcbride,2026-08-21,Website,Apparel,5,314.09,United States,Gift Card,1570.45,0.0
10142,Roy Sexton,2026-08-21,Website,Beauty,3,89.92,Britain,Gift Card,269.76,0.0
10143,Eric Tyler,21-08-2026,Website,Sports,5,$199.46,France,Gift Card,997.3,0.0
10144,Shawn Kim,2026-08-21,Website,Home Goods,2,83.69,France,PayPal,167.38,0.0
10145,Timothy Santiago,2026-08-21,Marketplace,Beauty,5,204.36,Canada,Credit Card,1021.8,0.0
10146,John Michael,2026-08-21,Website,Beauty,3,51.18,Germany,PayPal,153.54,0.0
10147,Matthew Gates,2026-08-21,Website,Apparel,1,192.73,Canada,Credit Card,192.73,0.0
10148,Karen Brown,2026-08-21,Website,Sports,2,264.1,France,PayPal,528.2,0.0
10149,Eric Rodriguez,2026-08-21,Website,Beauty,4,$269.4,Canada,PayPal,1077.6,0.0
10150,Joshua Hernandez,"August 21, 2026",Website,Home Goods,1,35.08,United States,Bank Transfer,35.08,0.0
10151,Shelly Johnson,2026-08-21,Website,Electronics,1,176.53,Canada,PayPal,176.53,0.0
10152,Joshua Nunez,2026-08-21,Website,Sports,4,122.43,United States,Credit Card,489.72,60.62
10153,Scott Johnson,2026-08-21,Marketplace,Sports,1,30.99,France,Credit Card,30.99,0.0
10154,Kenneth Smith,2026-08-21,Website,Apparel,5,149.12,United States,Gift Card,745.6,0.0
10155,Gina Roberts,2026-08-21,Website,Beauty,4,327.41,Germany,Bank Transfer,1309.64,0.0
10156,Hannah Gamble,2026-08-21,Website,Apparel,5,32.57,United States,Bank Transfer,162.85,0.0
10157,Ryan Kirk,2026-08-21,Marketplace,Beauty,3,83.81,United States,PayPal,251.43,0.0
10158,Lisa Brown,2026-08-21,Retail Store,Sports,3,216.02,Australia,Bank Transfer,648.06,329.53
10159,Justin Taylor,2026-08-21,Retail Store,Sports,2,184.71,United Kingdom,Gift Card,369.42,0.0
10160,Jonathan Wood,2026-08-21,Website,Sports,4,$110.92,Australia,PayPal,443.68,0.0
10161,Amy Massey,2026-08-21,Website,Electronics,3,207.32,Canada,Credit Card,621.96,0.0
10162,Erika Cooper,2026-08-21,Marketplace,Sports,3,269.67,France,Bank Transfer,809.01,0.0
10163,Timothy Stephens,2026-08-21,Retail Store,Apparel,5,191.0,USA,Credit Card,955.0,0.0
10164,Teresa Smith,21-08-2026,Website,Apparel,3,175.9,France,PayPal,527.7,0.0
10165,Billy Garcia,21-08-2026,Marketplace,Sports,1,171.29,Germany,PayPal,171.29,0.0
10166,Steven Morris,21-08-2026,Retail Store,Apparel,3,46.58,United States,PayPal,139.74,0.0
10167,Annette Perkins,2026-08-21,Marketplace,Apparel,4,82.3,Canada,Bank Transfer,329.2,0.0
10168,Christopher Smith,2026-08-21,Retail Store,Beauty,2,241.97,Australia,PayPal,483.94,0.0
10169,Austin Brown,2026-08-21,Website,Sports,1,63.4,France,Credit Card,63.4,0.0
10170,Albert Bryan,"August 21, 2026",Website,Sports,3,$69.55,France,Credit Card,208.65,0.0
10171,Miss Regina Clarke,08/21/2026,Website,Sports,4,132.26,France,Gift Card,529.04,0.0
10172,Donald Wright,"August 21, 2026",Website,Electronics,1,295.4,United States,Gift Card,295.4,0.0
10173,Kyle Mcdowell,2026-08-21,Retail Store,Beauty,2,266.28,Australia,Bank Transfer,532.56,0.0
10174,,2026-08-21,Website,Sports,5,154.71,France,Credit Card,773.55,0.0
10175,Cameron Owens,2026-08-21,Marketplace,Electronics,3,304.15,Australia,Bank Transfer,912.45,0.0
10176,Stephanie Goodman,21-08-2026,Website,Electronics,5,298.2,United Kingdom,Bank Transfer,1491.0,1771.7579537503827
10177,David Key,2026-08-21,Website,Sports,3,284.92,United States,PayPal,854.76,0.0
10178,Erik Anderson,2026-08-21,Website,Apparel,5,$212.33,Australia,Bank Transfer,1061.65,0.0
10179,Christopher Taylor,"August 21, 2026",Website,Beauty,5,74.09,France,Gift Card,370.45,0.0
10180,Holly Wolf,2026-08-21,Website,Home Goods,5,222.22,Canada,Bank Transfer,1111.1,0.0
10181,Lisa Mcconnell,2026-08-21,Website,Electronics,-5,27.68,Canada,Gift Card,138.4,0.0
10182,Kenneth Berry,2026-08-21,Website,Home Goods,-5,260.16,United States,Credit Card,1300.8,0.0
10183,Jennifer Jackson,2026-08-21,Marketplace,Electronics,5,77.57,U.K.,Bank Transfer,387.85,0.0
10184,Cathy Clark,"August 21, 2026",Website,Electronics,2,132.47,United States,PayPal,264.94,0.0
10185,Kathleen Allen,2026-08-21,Website,Apparel,3,322.74,Germany,Credit Card,968.22,0.0
10186,Robert Padilla,2026-08-21,Website,Beauty,3,148.13,Canada,Credit Card,444.39,0.0
10187,Joshua Garcia,08/21/2026,Website,Electronics,1,196.34,Australia,Gift Card,196.34,0.0
10188,Gregory Knight,2026-08-21,Website,Apparel,-1,29.94,United States,Gift Card,29.94,20.54
10189,Amanda Acevedo,2026-08-21,Retail Store,Sports,1,84.54,Canada,PayPal,84.54,0.0
10190,Destiny Alexander,2026-08-21,Marketplace,Electronics,2,337.27,Germany,Bank Transfer,674.54,0.0
10191,Alison Miranda,2026-08-21,Website,Sports,1,277.13,Canada,Bank Transfer,277.13,0.0
10192,Brian Dean,21-08-2026,Website,Apparel,5,292.41,United States,Credit Card,1462.05,0.0
10193,,2026-08-21,Website,Electronics,5,33.88,France,Gift Card,169.4,209.49850192613712
10194,John Santana,2026-08-21,Website,Sports,4,$325.69,France,Credit Card,1302.76,0.0
10195,,08/21/2026,Website,Electronics,5,348.05,United States,Gift Card,1740.25,0.0
10196,Rachel Gonzalez,2026-08-21,Website,Electronics,4,149.29,Canada,Gift Card,597.16,0.0
10197,Danielle West,2026-08-21,Retail Store,Beauty,3,95.32,United Kingdom,Bank Transfer,285.96,0.0
10198,Alexis Vaughn,2026-08-21,Website,Home Goods,4,74.75,Germany,Credit Card,299.0,0.0
10199,Kyle Schultz,2026-08-21,Marketplace,Beauty,5,194.01,Australia,Credit Card,970.05,0.0
10200,David Lucas,2026-08-21,Marketplace,Sports,4,228.73,Germany,Gift Card,914.92,0.0
10201,Stacy Anderson,2026-08-21,Marketplace,Apparel,5,277.16,Germany,Bank Transfer,1385.8,0.0
10202,Diane Russo,2026-08-21,Website,Electronics,2,151.52,United States,PayPal,303.04,0.0
10203,Gregory James,2026-08-21,Marketplace,Apparel,3,327.68,Canada,Credit Card,983.04,0.0
10204,Maria Watkins,2026-08-21,Retail Store,Electronics,1,118.53,Canada,Gift Card,118.53,0.0
10205,Samantha Ochoa,2026-08-21,Marketplace,Sports,2,126.5,Germany,Gift Card,253.0,0.0
10206,Megan Perez,2026-08-21,Website,Electronics,4,258.9,United Kingdom,PayPal,1035.6,133.59
10207,Linda Williams,2026-08-21,Marketplace,Sports,-4,69.43,Canada,PayPal,277.72,0.0
10208,Samantha Gates,2026-08-21,Marketplace,Sports,4,165.6,United States,Credit Card,662.4,0.0
10209,John Jones,2026-08-21,Marketplace,Home Goods,3,143.54,Germany,Bank Transfer,430.62,0.0
10210,Patrick Hayes,2026-08-21,Website,Electronics,5,188.65,Germany,PayPal,943.25,1378.3266252757574
10211,Michael Elliott,2026-08-21,Retail Store,Electronics,3,232.33,Germany,Credit Card,696.99,0.0
10212,Nathan King,2026-08-21,Retail Store,Sports,4,85.29,Canada,Bank Transfer,341.16,0.0
10213,Kevin Boyd,2026-08-21,Website,Sports,4,167.02,Canada,Gift Card,668.08,0.0
10214,Erica Bowman,2026-08-21,Marketplace,Home Goods,3,134.62,France,PayPal,403.86,0.0
10215,Nicole Wilson,2026-08-21,Website,Home Goods,5,194.96,United Kingdom,Credit Card,974.8,0.0
10216,Thomas Lewis,2026-08-21,Retail Store,Beauty,5,90.67,Australia,Bank Transfer,453.35,0.0
10217,,2026-08-21,Marketplace,Electronics,1,322.96,Australia,Credit Card,322.96,0.0
10218,Debra Miller,2026-08-21,Marketplace,Beauty,5,278.42,Canada,Gift Card,1392.1,0.0
10219,Angela Meyers,2026-08-21,Marketplace,Home Goods,4,271.86,Australia,Bank Transfer,1087.44,880.22
10220,Monique Freeman,2026-08-21,Website,Electronics,2,256.51,France,PayPal,513.02,0.0
10221,Corey Martinez,2026-08-21,Website,Sports,4,119.02,United Kingdom,PayPal,476.08,52.77
10222,Stephanie Bailey,21-08-2026,Website,Home Goods,1,41.86,France,Credit Card,41.86,0.0
10223,Morgan Frazier,2026-08-21,Marketplace,Electronics,5,64.96,Australia,Gift Card,324.8,0.0
10224,Steven Faulkner,2026-08-21,Website,Beauty,1,57.02,Canada,Gift Card,57.02,0.0
10225,Nancy Martin,2026-08-21,Retail Store,Electronics,5,88.83,France,Bank Transfer,444.15,208.67
10226,Chelsea Wong,2026-08-21,Website,Beauty,2,290.05,United Kingdom,Credit Card,580.1,0.0
10227,Gary Andrews,2026-08-21,Website,Home Goods,3,331.18,France,Credit Card,993.54,0.0
10228,Jonathan Sanders,"August 21, 2026",Website,Home Goods,4,343.63,United Kingdom,Credit Card,1374.52,930.24
10229,,21-08-2026,Marketplace,Sports,2,9.7,France,PayPal,19.4,0.0
10230,Kim Fernandez,2026-08-21,Marketplace,Home Goods,1,341.04,UK,Gift Card,341.04,0.0
10231,Carlos Burch,21-08-2026,Marketplace,Sports,3,210.63,France,PayPal,631.89,544.13
10232,Rebecca Branch,2026-08-21,Website,Sports,1,19.75,Canada,Gift Card,19.75,0.0
10233,Katrina Collins,21-08-2026,Marketplace,Electronics,1,318.65,Germany,Credit Card,318.65,0.0
10234,Gerald Hess,2026-08-21,Website,Home Goods,5,320.51,U.S.,Gift Card,1602.55,0.0
10235,Nicholas Hamilton,2026-08-21,Marketplace,Electronics,2,291.97,United States,Bank Transfer,583.94,0.0
10236,Regina Nelson,2026-08-21,Marketplace,Beauty,3,32.15,Australia,Gift Card,96.45,0.0
10237,David Ellis,2026-08-21,Website,Apparel,5,324.29,Canada,Bank Transfer,1621.45,0.0
10238,Carla Petty,2026-08-21,Website,Home Goods,5,239.89,France,Bank Transfer,1199.45,0.0
10239,Ricardo Rangel,2026-08-21,Marketplace,Sports,2,298.25,United States,PayPal,596.5,0.0
10240,Benjamin Ortiz,2026-08-21,Website,Electronics,5,223.62,France,Bank Transfer,1118.1,0.0
10241,Lori Navarro,2026-08-21,Marketplace,Sports,2,38.3,Germany,PayPal,76.6,0.0
10242,Luke Sanchez,2026-08-21,Website,Beauty,5,225.68,France,Credit Card,1128.4,0.0
10243,Michael Holder,2026-08-21,Retail Store,Home Goods,5,153.21,France,Bank Transfer,766.05,0.0
10244,Michael Williams,2026-08-21,Marketplace,Home Goods,1,163.58,Germany,Gift Card,163.58,0.0
10245,Glenn Roberts MD,2026-08-21,Website,Home Goods,1,121.98,United States,Gift Card,121.98,0.0
10246,Leah Martin,2026-08-21,Marketplace,Apparel,2,244.09,United Kingdom,Gift Card,488.18,0.0
10247,Allen Green,2026-08-21,Website,Sports,4,198.1,France,PayPal,792.4,0.0
10248,Anthony Ayers,2026-08-21,Marketplace,Beauty,2,125.59,Germany,Bank Transfer,251.18,0.0
10249,Jonathan Farley,2026-08-21,Website,Sports,3,14.58,Britain,Gift Card,43.74,6.8
10250,Daniel Barber,2026-08-21,Website,Beauty,2,221.47,France,Gift Card,442.94,0.0
10251,Stephanie Hodges DDS,2026-08-21,Retail Store,Home Goods,4,95.84,Australia,PayPal,383.36,0.0
10252,Jennifer Morton,2026-08-21,Website,Sports,4,334.68,France,PayPal,1338.72,0.0
10253,Heather Davis,2026-08-21,Marketplace,Home Goods,1,187.89,Britain,Credit Card,187.89,0.0
10254,Kyle Espinoza,2026-08-21,Website,Beauty,2,82.56,United Kingdom,Bank Transfer,165.12,0.0
10255,Lori Williams,2026-08-21,Website,Beauty,5,278.29,Canada,Bank Transfer,1391.45,0.0
10256,Tiffany Simmons,2026-08-21,Marketplace,Beauty,4,230.82,United States,Credit Card,923.28,433.59
10257,Rhonda Jones,2026-08-21,Marketplace,Home Goods,2,102.23,United Kingdom,PayPal,204.46,0.0
10258,Melanie Castaneda,2026-08-21,Retail Store,Sports,2,284.31,United Kingdom,PayPal,568.62,0.0
10259,Michael Carey,2026-08-21,Marketplace,Sports,3,235.0,United States,PayPal,705.0,0.0
10260,Christine Gregory,2026-08-21,Website,Sports,1,271.14,Australia,PayPal,271.14,0.0
10261,Jacqueline Smith,2026-08-21,Retail Store,Home Goods,5,266.5,United States,Gift Card,1332.5,429.76
10262,,08/21/2026,Website,Beauty,4,163.48,Germany,Credit Card,653.92,0.0
10263,Juan Doyle,2026-08-21,Website,Home Goods,2,161.94,Canada,Gift Card,323.88,0.0
10264,Emily Rodriguez,2026-08-21,Marketplace,Home Goods,5,298.33,Australia,Bank Transfer,1491.65,0.0
10265,Rose Holmes,2026-08-21,Website,Electronics,4,42.22,France,Credit Card,168.88,0.0
10266,Scott Juarez,2026-08-21,Website,Electronics,2,267.97,United States,Bank Transfer,535.94,0.0
10267,,2026-08-21,Retail Store,Apparel,1,$212.46,Germany,PayPal,212.46,0.0
10268,Christy Vazquez,2026-08-21,Website,Apparel,2,278.54,France,PayPal,557.08,0.0
10269,Anne Rodriguez,2026-08-21,Retail Store,Electronics,4,237.86,Canada,Credit Card,951.44,0.0
10270,Charles Bruce,2026-08-21,Marketplace,Home Goods,4,153.91,Germany,Bank Transfer,615.64,0.0
10271,Joel Davis,2026-08-21,Website,Beauty,1,$146.5,Germany,Gift Card,146.5,0.0
10272,Laura Obrien,2026-08-21,Website,Apparel,5,$339.07,Australia,PayPal,1695.35,0.0
10273,Sheri Smith,2026-08-21,Website,Beauty,2,124.34,United States,PayPal,248.68,0.0
10274,,2026-08-21,Retail Store,Sports,5,9.14,France,PayPal,45.7,27.59
10275,Andrew Hawkins,2026-08-21,Website,Sports,2,$85.65,Germany,Bank Transfer,171.3,0.0
10276,Matthew Hartman,2026-08-21,Website,Home Goods,5,115.8,Germany,Gift Card,579.0,0.0
10277,Angela Johnson,2026-08-21,Website,Electronics,4,143.22,Australia,Gift Card,572.88,0.0
10278,Brian Ward,2026-08-21,Retail Store,Apparel,3,330.95,France,Bank Transfer,992.85,0.0
10279,Ashley Nash,2026-08-21,Website,Home Goods,3,130.53,Australia,Bank Transfer,391.59,0.0
10280,Mary Walker,2026-08-21,Marketplace,Beauty,4,$194.12,Canada,Credit Card,776.48,0.0
10281,Rebecca Lara,21-08-2026,Website,Electronics,3,26.82,Germany,Credit Card,80.46,0.0
10282,Chelsea Young,2026-08-21,Retail Store,Electronics,5,173.95,Australia,PayPal,869.75,0.0
10283,Gina Ramsey,2026-08-21,Website,Sports,3,229.94,United Kingdom,Gift Card,689.82,554.11
10284,John Ortega,2026-08-21,Website,Sports,2,270.67,Canada,Bank Transfer,541.34,0.0
10285,Tammy Ford,08/21/2026,Retail Store,Beauty,4,187.38,France,Credit Card,749.52,0.0
10286,Frank Martinez,2026-08-21,Website,Electronics,5,58.09,United Kingdom,PayPal,290.45,0.0
10287,Terry Smith,08/21/2026,Marketplace,Beauty,1,135.75,United States,Credit Card,135.75,0.0
10288,April Butler,2026-08-21,Website,Home Goods,1,342.89,United States,Gift Card,342.89,0.0
10289,Jesse Myers,2026-08-21,Website,Sports,5,176.36,Australia,Gift Card,881.8,0.0
10290,Joshua Bates,2026-08-21,Website,Beauty,2,349.61,France,Bank Transfer,699.22,0.0
10291,Timothy Tucker,2026-08-21,Website,Apparel,5,54.44,United States,Credit Card,272.2,0.0
10292,Amy Cantrell,2026-08-21,Website,Beauty,5,212.14,Canada,Bank Transfer,1060.7,446.65
10293,Andrew Long,2026-08-21,Website,Apparel,5,319.62,United States,Gift Card,1598.1,382.99
10294,Theresa Myers,2026-08-21,Website,Beauty,2,95.59,Canada,PayPal,191.18,0.0
10295,Tamara Dalton,2026-08-21,Retail Store,Apparel,1,331.47,Canada,PayPal,331.47,0.0
10296,Dr. Brendan Johnson,21-08-2026,Website,Beauty,2,156.73,Germany,PayPal,313.46,0.0
10297,Leslie Hopkins,2026-08-21,Website,Electronics,-2,288.76,Germany,Credit Card,577.52,0.0
10298,Bridget Lamb,08/21/2026,Website,Electronics,3,99.53,Australia,PayPal,298.59,32.59
10299,Brian Morales,2026-08-21,Website,Electronics,5,319.15,Canada,Credit Card,1595.75,0.0
10300,Michael Evans,08/21/2026,Marketplace,Electronics,4,273.3,Australia,PayPal,1093.2,366.14
10301,James Miller,2026-08-21,Retail Store,Sports,3,66.24,Australia,Gift Card,198.72,0.0
10302,Gabrielle White,2026-08-21,Website,Sports,4,167.58,Germany,Gift Card,670.32,452.52
10303,Michael Park,2026-08-21,Website,Apparel,3,200.31,Australia,Gift Card,600.93,0.0
10304,Lisa Higgins,2026-08-21,Retail Store,Apparel,5,85.54,Australia,Credit Card,427.7,176.68
10305,Julie Miller,2026-08-21,Website,Electronics,5,188.43,United States,Bank Transfer,942.15,373.6
10306,Thomas Wood,2026-08-21,Website,Home Goods,2,41.46,United States,Credit Card,82.92,0.0
10307,Nicole Oconnor,2026-08-21,Website,Electronics,2,280.7,Germany,PayPal,561.4,201.77
10308,Anthony Mccoy,2026-08-21,Retail Store,Home Goods,4,119.67,France,Bank Transfer,478.68,0.0
10309,Melissa Mcbride,2026-08-21,Marketplace,Apparel,4,25.88,USA,PayPal,103.52,0.0
10310,Jessica Mack,2026-08-21,Marketplace,Beauty,3,232.64,Germany,PayPal,697.92,0.0
10311,Angela Moss,2026-08-21,Website,Electronics,2,47.71,France,Credit Card,95.42,0.0
10312,Carolyn Cooper,2026-08-21,Marketplace,Beauty,3,322.52,Canada,PayPal,967.56,0.0
10313,Jamie Webb,2026-08-21,Retail Store,Sports,3,295.19,United Kingdom,Bank Transfer,885.57,0.0
10314,John Morrow,2026-08-21,Retail Store,Apparel,5,140.44,U.S.,Credit Card,702.2,0.0
10315,Robert Jordan,2026-08-21,Marketplace,Apparel,5,285.05,United Kingdom,PayPal,1425.25,634.34
10316,Tammy Miller,2026-08-21,Website,Electronics,5,323.58,Australia,Credit Card,1617.9,0.0
10317,Richard Heath,2026-08-21,Website,Apparel,5,335.34,Germany,Gift Card,1676.7,0.0
10318,Lance Palmer,2026-08-21,Website,Apparel,4,118.69,Australia,PayPal,474.76,0.0
10319,Alex Mendoza,2026-08-21,Website,Sports,1,$65.68,United States,PayPal,65.68,36.11
10320,Ryan Dickson,2026-08-21,Marketplace,Electronics,4,10.56,United Kingdom,Bank Transfer,42.24,0.0
10321,George Evans,2026-08-21,Website,Home Goods,4,139.62,United Kingdom,Bank Transfer,558.48,0.0
10322,Isaiah Hawkins,2026-08-21,Marketplace,Apparel,3,52.15,Australia,Bank Transfer,156.45,67.46
10323,David Compton,2026-08-21,Website,Beauty,2,207.39,United States,Credit Card,414.78,0.0
10324,Mark Stewart,2026-08-21,Marketplace,Beauty,4,306.87,Germany,Credit Card,1227.48,0.0
10325,Alexander White,2026-08-21,Website,Sports,5,117.19,Canada,PayPal,585.95,0.0
10326,Steven Sanchez,08/21/2026,Website,Electronics,5,254.99,Germany,Gift Card,1274.95,0.0
10327,Alexandra Smith,2026-08-21,Website,Apparel,5,187.69,France,Credit Card,938.45,0.0
10328,Melissa Adams,2026-08-21,Website,Apparel,1,84.54,United Kingdom,Credit Card,84.54,0.0
10329,Henry Martinez,2026-08-21,Retail Store,Electronics,3,11.71,United States,Bank Transfer,35.13,0.0
10330,Matthew Doyle,"August 21, 2026",Website,Home Goods,2,284.65,United Kingdom,Credit Card,569.3,0.0
10331,Keith Parker,2026-08-21,Retail Store,Apparel,4,221.4,Germany,Credit Card,885.6,102.06
10332,Daniel Hudson,2026-08-21,Website,Sports,2,297.33,Canada,Bank Transfer,594.66,0.0
10333,Stanley Hunt,2026-08-21,Website,Apparel,5,29.01,France,PayPal,145.05,0.0
10334,Bradley Ford,2026-08-21,Marketplace,Home Goods,3,118.85,Canada,Credit Card,356.55,0.0
10335,Amanda Carter,2026-08-21,Website,Apparel,3,91.51,United Kingdom,Gift Card,274.53,0.0
10336,Scott Mcmahon,2026-08-21,Marketplace,Sports,2,33.12,Canada,Gift Card,66.24,0.0
10337,Mary Mcmahon,2026-08-21,Website,Apparel,3,80.3,United Kingdom,PayPal,240.9,0.0
10338,Michelle Cook,2026-08-21,Marketplace,Sports,3,144.88,Germany,Gift Card,434.64,0.0
10339,Mark Ortiz,21-08-2026,Website,Apparel,1,137.75,Australia,PayPal,137.75,0.0
10340,Dana Peterson,2026-08-21,Website,Apparel,3,207.07,France,PayPal,621.21,0.0
10341,Kimberly Nguyen,2026-08-21,Retail Store,Home Goods,2,26.57,Australia,PayPal,53.14,0.0
10342,Christopher Macdonald,2026-08-21,Website,Apparel,1,169.84,Canada,Bank Transfer,169.84,0.0
10343,Mark Brewer,2026-08-21,Marketplace,Home Goods,3,60.44,United Kingdom,Credit Card,181.32,0.0
10344,Katherine Evans,2026-08-21,Marketplace,Beauty,1,165.64,Australia,Credit Card,165.64,0.0
10345,Valerie Parker,2026-08-21,Website,Home Goods,4,61.19,Germany,Gift Card,244.76,0.0
10346,Brittany Lindsey,2026-08-21,Marketplace,Sports,3,95.88,Australia,Bank Transfer,287.64,0.0
10347,,2026-08-21,Retail Store,Beauty,3,12.0,France,Credit Card,36.0,25.52
10348,Steven Fuller,21-08-2026,Website,Sports,1,236.95,Canada,Credit Card,236.95,0.0
10349,Sherry Hunter,2026-08-21,Website,Beauty,3,106.18,United States,Credit Card,318.54,0.0
10350,Donald Adams,2026-08-21,Website,Beauty,3,21.53,Germany,Gift Card,64.59,0.0
10351,Megan Davis,2026-08-21,Marketplace,Sports,2,137.85,United Kingdom,PayPal,275.7,0.0
10352,Adam Taylor,2026-08-21,Website,Beauty,5,145.62,Australia,Credit Card,728.1,570.48
10353,Lauren Pacheco,2026-08-21,Website,Beauty,2,327.9,Germany,Gift Card,655.8,0.0
10354,Joseph Cameron,"August 21, 2026",Marketplace,Home Goods,5,205.83,Australia,Bank Transfer,1029.15,0.0
10355,Melissa Campbell,2026-08-21,Marketplace,Apparel,2,32.92,U.S.,Bank Transfer,65.84,0.0
10356,Tracy Washington,2026-08-21,Website,Sports,5,8.38,Australia,Bank Transfer,41.9,0.0
10357,Robert Lewis,21-08-2026,Marketplace,Home Goods,4,251.64,Germany,PayPal,1006.56,0.0
10358,Paul Martinez,2026-08-21,Website,Home Goods,4,159.33,Canada,Credit Card,637.32,0.0
10359,James Savage,2026-08-21,Marketplace,Apparel,3,344.22,United Kingdom,PayPal,1032.66,0.0
10360,Mario Valdez,2026-08-21,Website,Home Goods,1275,283.16,United Kingdom,Gift Card,283.16,0.0
10361,Donald Erickson,2026-08-21,Website,Apparel,5,93.85,Germany,Bank Transfer,469.25,0.0
10362,Rachel Bernard,2026-08-21,Marketplace,Beauty,2,261.13,France,Credit Card,522.26,0.0
10363,Lisa Burton,2026-08-21,Marketplace,Electronics,2,218.34,France,PayPal,436.68,0.0
10364,Erica Bennett,2026-08-21,Marketplace,Home Goods,2,223.56,United States,PayPal,447.12,0.0
10365,Heather Miller,2026-08-21,Retail Store,Sports,1,296.53,US,Credit Card,296.53,0.0
10366,Mrs. Jean Hughes DVM,2026-08-21,Website,Electronics,3,162.78,United States,PayPal,488.34,0.0
10367,Nicholas Burton,21-08-2026,Website,Beauty,2,13.5,Canada,Credit Card,27.0,6.25
10368,Rita Knight,2026-08-21,Website,Home Goods,2,188.23,United Kingdom,Credit Card,376.46,235.5
10369,Jennifer Edwards,2026-08-21,Website,Sports,2,232.71,United Kingdom,PayPal,465.42,0.0
10370,Charles Jones,2026-08-21,Website,Home Goods,-2,32.41,United States,Credit Card,64.82,0.0
10371,,2026-08-21,Website,Beauty,3,55.2,United Kingdom,Bank Transfer,165.6,0.0
10372,,2026-08-21,Website,Beauty,5,318.76,Australia,PayPal,1593.8,0.0
10373,Edward Evans,2026-08-21,Website,Electronics,3,314.75,United States,Bank Transfer,944.25,0.0
10374,Mrs. Laura Sellers,2026-08-21,Website,Electronics,5,65.7,United States,Bank Transfer,328.5,0.0
10375,Jeremiah Rodriguez,2026-08-21,Website,Beauty,2,294.75,United States,Gift Card,589.5,0.0
10376,Alexander Stephens,2026-08-21,Website,Apparel,3,$316.52,United States,Gift Card,949.56,0.0
10377,Jackie Yoder,"August 21, 2026",Website,Electronics,2,50.24,Britain,Bank Transfer,100.48,0.0
10378,James Cross,2026-08-21,Retail Store,Sports,1,314.78,Germany,Bank Transfer,314.78,0.0
10379,Kimberly Parker,2026-08-21,Website,Home Goods,1,307.78,Australia,Credit Card,307.78,0.0
10380,Robert Werner,2026-08-21,Marketplace,Electronics,3,256.84,USA,Bank Transfer,770.52,0.0
10381,Rebecca Greene,2026-08-21,Marketplace,Electronics,3,180.4,France,Bank Transfer,541.2,0.0
10382,Tamara Haynes,2026-08-21,Website,Home Goods,1,39.74,United States,Bank Transfer,39.74,0.0
10383,Robert Pittman,2026-08-21,Website,Sports,4,69.5,France,Credit Card,278.0,232.4
10384,Robert Bell,2026-08-21,Retail Store,Sports,1,335.36,Germany,Credit Card,335.36,0.0
10385,Juan Bradley,2026-08-21,Website,Sports,3,$183.51,United Kingdom,Gift Card,550.53,0.0
10386,Kelly Hall,08/21/2026,Marketplace,Beauty,5,167.94,France,Credit Card,839.7,0.0
10387,Joe Harris,2026-08-21,Marketplace,Home Goods,5,342.04,Canada,PayPal,1710.2,0.0
10388,Melissa Weber,2026-08-21,Website,Home Goods,1,182.91,United Kingdom,Credit Card,182.91,0.0
10389,,2026-08-21,Retail Store,Sports,3,41.6,France,PayPal,124.8,0.0
10390,Antonio Arnold,2026-08-21,Marketplace,Electronics,3,127.52,Australia,Credit Card,382.56,0.0
10391,Michael Mccarthy,2026-08-21,Website,Beauty,5,278.74,France,Credit Card,1393.7,0.0
10392,Carlos Goodman,2026-08-21,Marketplace,Apparel,5,125.66,Canada,Credit Card,628.3,0.0
10393,Craig Casey,2026-08-21,Website,Apparel,5,168.8,Germany,PayPal,844.0,0.0
10394,Laura Gregory,2026-08-21,Marketplace,Sports,4,257.42,France,Gift Card,1029.68,217.06
10395,Traci Terry,2026-08-21,Website,Electronics,3,236.16,France,PayPal,708.48,599.63
10396,Wendy Anderson,2026-08-21,Retail Store,Electronics,4,80.53,United Kingdom,PayPal,322.12,0.0
10397,April York,2026-08-21,Website,Beauty,2,157.1,Canada,Credit Card,314.2,142.67
10398,David Taylor,2026-08-21,Website,Beauty,1,112.82,Germany,PayPal,112.82,0.0
10399,Randall King,2026-08-21,Website,Beauty,1669,187.25,Australia,Gift Card,936.25,0.0
10400,George Mason,2026-08-21,Retail Store,Sports,3,102.29,Australia,Credit Card,306.87,0.0
10401,Madeline Roth,2026-08-21,Marketplace,Apparel,-2,113.65,France,Gift Card,227.3,0.0
10402,Bridget Hamilton,2026-08-21,Website,Home Goods,4,$285.72,United States,Gift Card,1142.88,0.0
10403,Lynn Holden,2026-08-21,Website,Sports,3,125.7,Canada,Credit Card,377.1,0.0
10404,Erik Brooks,2026-08-21,Website,Electronics,5,232.17,Canada,Bank Transfer,1160.85,0.0
10405,Mark Holmes,2026-08-21,Retail Store,Sports,1,208.68,Germany,Gift Card,208.68,0.0
10406,Joyce Hall,2026-08-21,Website,Apparel,2,252.13,United Kingdom,Bank Transfer,504.26,0.0
10407,Joshua Cruz,"August 21, 2026",Retail Store,Beauty,1,331.64,Germany,Gift Card,331.64,0.0
10408,Dr. Lisa Martinez,2026-08-21,Retail Store,Electronics,1,255.46,Germany,Credit Card,255.46,0.0
10409,Emily Webb,2026-08-21,Website,Beauty,1,71.01,Germany,Bank Transfer,71.01,0.0
10410,Ann Gonzalez,2026-08-21,Website,Home Goods,5,277.8,Germany,Credit Card,1389.0,0.0
10411,Lori Wallace,2026-08-21,Marketplace,Beauty,4,$227.71,Australia,PayPal,910.84,0.0
10412,Alexa Chaney,2026-08-21,Marketplace,Beauty,2,91.17,Australia,Bank Transfer,182.34,0.0
10413,Andrew Martin,21-08-2026,Retail Store,Apparel,4,223.52,United States,Bank Transfer,894.08,0.0
10414,Elizabeth Moreno,2026-08-21,Retail Store,Beauty,4,100.16,Australia,Gift Card,400.64,0.0
10415,,2026-08-21,Website,Home Goods,5,293.64,United Kingdom,Bank Transfer,1468.2,0.0
10416,Margaret Cole,2026-08-21,Website,Apparel,5,129.71,France,Bank Transfer,648.55,0.0
10417,Danielle Lee,2026-08-21,Website,Home Goods,3,348.63,United States,Bank Transfer,1045.89,0.0
10418,Robert Rodriguez,2026-08-21,Marketplace,Electronics,4,157.07,Australia,Gift Card,628.28,0.0
10419,Kyle Davis,2026-08-21,Marketplace,Home Goods,2,226.96,Australia,PayPal,453.92,0.0
10420,Kimberly Robinson,2026-08-21,Website,Electronics,4,246.76,Canada,PayPal,987.04,0.0
10421,Abigail Jennings,2026-08-21,Marketplace,Sports,-1,180.4,Germany,Credit Card,180.4,0.0
10422,Jill Day,08/21/2026,Retail Store,Apparel,5,183.03,United Kingdom,PayPal,915.15,0.0
10423,Meagan Lewis,2026-08-21,Retail Store,Sports,1,257.24,Germany,Bank Transfer,257.24,374.4524479050061
10424,Mark Walters,2026-08-21,Retail Store,Sports,4,274.26,Canada,Bank Transfer,1097.04,0.0
10425,,2026-08-21,Retail Store,Home Goods,1,268.03,United States,Gift Card,268.03,0.0
10426,Bruce Phillips,2026-08-21,Retail Store,Electronics,4,71.74,Canada,Credit Card,286.96,0.0
10427,Raymond Johnson,08/21/2026,Website,Beauty,5,289.26,Canada,Credit Card,1446.3,0.0
10428,Mr. Mark Long,2026-08-21,Retail Store,Sports,1,217.53,Australia,Credit Card,217.53,0.0
10429,Casey Li,2026-08-21,Website,Apparel,1,115.14,Germany,PayPal,115.14,0.0
10430,Thomas Green,2026-08-21,Website,Electronics,2,139.51,United Kingdom,Gift Card,279.02,0.0
10431,Adam Fernandez,2026-08-21,Website,Sports,2,321.42,United States,Bank Transfer,642.84,873.4249310583302
10432,Emily Morris,2026-08-21,Retail Store,Beauty,2,24.7,United Kingdom,Gift Card,49.4,0.0
10433,Maurice Figueroa,"August 21, 2026",Marketplace,Apparel,2,204.46,United States,Credit Card,408.92,312.64
10434,Karen Murphy,2026-08-21,Website,Apparel,3,92.95,United States,Bank Transfer,278.85,0.0
10435,Crystal Munoz,2026-08-21,Website,Beauty,4,$100.38,France,Gift Card,401.52,0.0
10436,William Barrera,2026-08-21,Retail Store,Electronics,1,127.93,Australia,Credit Card,127.93,0.0
10437,Alexandra Smith,2026-08-21,Marketplace,Sports,5,272.15,United States,Gift Card,1360.75,0.0
10438,,2026-08-21,Website,Beauty,2,100.45,Germany,Gift Card,200.9,0.0
10439,Brandon Hernandez Jr.,2026-08-21,Website,Apparel,1,296.35,Germany,Gift Card,296.35,0.0
10440,Tina Watson,2026-08-21,Website,Home Goods,4,308.31,United States,PayPal,1233.24,0.0
10441,Jacob Sandoval,2026-08-21,Website,Beauty,1,110.89,Germany,PayPal,110.89,0.0
10442,David Douglas,2026-08-21,Marketplace,Beauty,3,237.31,United Kingdom,Gift Card,711.93,0.0
10443,Cody Foster,2026-08-21,Website,Electronics,5,148.34,Canada,Credit Card,741.7,525.66
10444,Aaron Nelson,21-08-2026,Marketplace,Home Goods,1,292.7,United Kingdom,PayPal,292.7,0.0
10445,Sharon Brock DVM,2026-08-21,Retail Store,Beauty,2,57.79,United Kingdom,PayPal,115.58,0.0
10446,,2026-08-21,Marketplace,Beauty,1,$349.75,United States,PayPal,349.75,0.0
10447,Gabrielle Lee,2026-08-21,Website,Sports,3,138.85,Canada,PayPal,416.55,0.0
10448,Amanda King,"August 21, 2026",Website,Sports,3,326.12,Australia,Gift Card,978.36,0.0
10449,Amy Burnett,2026-08-21,Website,Apparel,4,329.27,France,Bank Transfer,1317.08,0.0
10450,Emily Schneider,2026-08-21,Marketplace,Home Goods,1,103.21,France,Bank Transfer,103.21,0.0
10451,David Jones,2026-08-21,Website,Electronics,5,333.54,Canada,Bank Transfer,1667.7,0.0
10452,William Brewer,2026-08-21,Website,Home Goods,5,63.41,United Kingdom,Credit Card,317.05,0.0
10453,David Martin,2026-08-21,Website,Sports,1,128.27,Canada,PayPal,128.27,0.0
10454,Rebecca Browning,2026-08-21,Website,Beauty,3,186.47,Germany,Gift Card,559.41,0.0
10455,Elizabeth Spencer,2026-08-21,Retail Store,Home Goods,5,142.2,Australia,Bank Transfer,711.0,0.0
10456,Kenneth Hernandez,2026-08-21,Marketplace,Apparel,1,118.92,Canada,Credit Card,118.92,0.0
10457,Brittany Davis,2026-08-21,Website,Electronics,4,319.57,Canada,Bank Transfer,1278.28,0.0
10458,James Reed,2026-08-21,Marketplace,Beauty,1,185.25,France,Bank Transfer,185.25,0.0
10459,Adriana Phillips,2026-08-21,Website,Sports,1,36.7,United Kingdom,Credit Card,36.7,0.0
10460,Mark Johnson,2026-08-21,Website,Home Goods,1,235.84,Australia,Bank Transfer,235.84,0.0
10461,Jamie Brennan,2026-08-21,Website,Electronics,2,331.72,United States,Credit Card,663.44,0.0
10462,Brian Browning,2026-08-21,Website,Home Goods,2,281.36,Canada,Bank Transfer,562.72,0.0
10463,Thomas Castillo,2026-08-21,Retail Store,Apparel,4,75.56,United Kingdom,PayPal,302.24,0.0
10464,Theresa Vincent,2026-08-21,Marketplace,Sports,4,116.83,Australia,Gift Card,467.32,0.0
10465,Kevin Bryan,"August 21, 2026",Marketplace,Home Goods,2,83.72,France,Gift Card,167.44,0.0
10466,Jessica West,2026-08-21,Website,Apparel,5,83.37,Canada,Bank Transfer,416.85,0.0
10467,Aaron Patterson,"August 21, 2026",Website,Electronics,1,26.69,Canada,Credit Card,26.69,0.0
10468,Megan Long,2026-08-21,Website,Sports,4,259.86,Germany,Credit Card,1039.44,0.0
10469,Adrienne Dunlap,2026-08-21,Website,Electronics,2,292.79,United States,PayPal,585.58,0.0
10470,Benjamin Campbell,2026-08-21,Website,Apparel,2,326.99,United Kingdom,Credit Card,653.98,0.0
10471,Cynthia Hall,2026-08-21,Website,Sports,2,183.69,Australia,PayPal,367.38,0.0
10472,,2026-08-21,Website,Home Goods,4,245.02,Canada,Gift Card,980.08,0.0
10473,Jason Trujillo,21-08-2026,Marketplace,Sports,4,95.34,Germany,Credit Card,381.36,0.0
10474,Christopher Ayers,2026-08-21,Marketplace,Electronics,4,46.17,Germany,PayPal,184.68,0.0
10475,Jacqueline Rogers,2026-08-21,Marketplace,Electronics,5,118.89,United States,PayPal,594.45,0.0
10476,Tracey Arellano,2026-08-21,Website,Apparel,4,255.98,Canada,Bank Transfer,1023.92,0.0
10477,Nicole Walker,2026-08-21,Website,Home Goods,2,71.74,Britain,PayPal,143.48,0.0
10478,Ashley Hernandez,2026-08-21,Website,Electronics,1,102.26,Canada,PayPal,102.26,0.0
10479,Sara Williams,"August 21, 2026",Website,Sports,2,51.88,United Kingdom,Gift Card,103.76,0.0
10480,Jeremy Jordan,2026-08-21,Website,Sports,-1,27.87,Germany,Credit Card,27.87,0.0
10481,Joshua Bates,21-08-2026,Retail Store,Sports,5,258.79,United Kingdom,Gift Card,1293.95,0.0
10482,Adam Rowland,2026-08-21,Retail Store,Beauty,2,258.31,United Kingdom,Gift Card,516.62,0.0
10483,Erica Thompson,2026-08-21,Website,Home Goods,3,39.53,Australia,Bank Transfer,118.59,0.0
10484,Dominique Thompson,2026-08-21,Website,Apparel,5,87.61,United States,Bank Transfer,438.05,0.0
10485,Robert Petersen,2026-08-21,Retail Store,Apparel,4,157.86,Germany,Bank Transfer,631.44,0.0
10486,Pamela Thomas,2026-08-21,Marketplace,Sports,4,8.32,United Kingdom,Bank Transfer,33.28,0.0
10487,Sean Pope,2026-08-21,Website,Apparel,1,313.71,Germany,Bank Transfer,313.71,0.0
10488,Kristin Allen,2026-08-21,Website,Sports,4,176.89,Germany,Gift Card,707.56,183.99
10489,Alexis Parker,2026-08-21,Website,Beauty,2,257.29,Australia,Gift Card,514.58,0.0
10490,Brandi Jones,2026-08-21,Marketplace,Sports,2,254.6,Germany,Bank Transfer,509.2,0.0
10491,Nathaniel Alexander,2026-08-21,Marketplace,Home Goods,4,182.1,United Kingdom,Gift Card,728.4,0.0
10492,Beverly Schmitt,2026-08-21,Website,Electronics,3,109.06,Australia,PayPal,327.18,0.0
10493,Elizabeth Johnson,2026-08-21,Marketplace,Home Goods,3,192.28,Canada,PayPal,576.84,0.0
10494,Jonathan Arroyo,2026-08-21,Website,Beauty,5,278.74,France,Bank Transfer,1393.7,0.0
10495,Cory Miller,2026-08-21,Marketplace,Home Goods,4,$225.19,United States,PayPal,900.76,0.0
10496,Jeff Lopez,2026-08-21,Retail Store,Home Goods,3,222.97,Australia,PayPal,668.91,0.0
10497,Timothy Hurley,2026-08-21,Website,Sports,4,162.01,Germany,Gift Card,648.04,0.0
10498,Samantha Wise,2026-08-21,Website,Sports,5,150.93,Germany,Bank Transfer,754.65,0.0
10499,Phillip Walton,2026-08-21,Marketplace,Beauty,4,$47.25,Canada,PayPal,189.0,0.0
10500,Christopher Frank,2026-08-21,Website,Electronics,1,$341.05,Canada,Credit Card,341.05,0.0
10501,Heather Kim,2026-08-21,Retail Store,Apparel,4,168.11,Canada,Credit Card,672.44,0.0
10502,Noah Hall,2026-08-21,Website,Home Goods,2,78.28,Germany,Credit Card,156.56,0.0
10503,Steven Garza,2026-08-21,Website,Electronics,3,293.79,Germany,Gift Card,881.37,0.0
10504,Denise Gilbert,2026-08-21,Retail Store,Beauty,1,323.52,United Kingdom,Bank Transfer,323.52,0.0
10505,Jennifer Mclaughlin,2026-08-21,Website,Home Goods,1,236.6,UK,PayPal,236.6,0.0
10506,Lindsey Wilson,2026-08-21,Retail Store,Apparel,2,132.4,United Kingdom,PayPal,264.8,0.0
10507,Timothy Rollins,2026-08-21,Website,Electronics,2,192.08,United States,Bank Transfer,384.16,0.0
10508,Julie Perry,2026-08-21,Website,Beauty,1,163.25,Canada,PayPal,163.25,0.0
10509,Dylan Turner,2026-08-21,Website,Beauty,2,171.86,Canada,PayPal,343.72,0.0
10510,Meagan Christian,2026-08-21,Website,Beauty,1,180.24,Australia,PayPal,180.24,0.0
10511,Derek Griffin,2026-08-21,Website,Apparel,3,226.47,United States,Credit Card,679.41,0.0
10512,,2026-08-21,Website,Electronics,4,296.71,United States,Gift Card,1186.84,0.0
10513,Lisa Reyes,2026-08-21,Website,Electronics,1,243.44,United States,Credit Card,243.44,0.0
10514,William Wilson,2026-08-21,Retail Store,Home Goods,5,236.94,United Kingdom,Credit Card,1184.7,0.0
10515,Alison Oconnell,08/21/2026,Retail Store,Home Goods,-4,228.6,Germany,Gift Card,914.4,0.0
10516,Kimberly Nicholson,2026-08-21,Marketplace,Electronics,5,280.97,Australia,PayPal,1404.85,0.0
10517,Alexandra Johnson,2026-08-21,Retail Store,Beauty,2,132.39,Germany,Gift Card,264.78,107.0
10518,,2026-08-21,Retail Store,Beauty,1,326.08,United Kingdom,Bank Transfer,326.08,0.0
10519,Donald Andrade,2026-08-21,Website,Home Goods,4,285.95,France,Gift Card,1143.8,0.0
10520,Tristan Randall,2026-08-21,Website,Sports,1,17.85,United Kingdom,Credit Card,17.85,0.0
10521,Eduardo Malone,2026-08-21,Marketplace,Sports,5,144.04,France,Gift Card,720.2,0.0
10522,Caitlin Lee,"August 21, 2026",Website,Apparel,3,219.31,Australia,Gift Card,657.93,260.43
10523,Mary Zhang,2026-08-21,Website,Apparel,1,342.44,Australia,PayPal,342.44,0.0
10524,Alice Hanson,21-08-2026,Retail Store,Electronics,4,330.66,France,Credit Card,1322.64,0.0
10525,Anthony Howard,2026-08-21,Retail Store,Electronics,2,247.79,Canada,Gift Card,495.58,0.0
10526,Jamie Powers,2026-08-21,Website,Home Goods,4,27.3,United Kingdom,Gift Card,109.2,14.55
10527,Charles Weiss,2026-08-21,Marketplace,Sports,3,149.53,United Kingdom,Credit Card,448.59,0.0
10528,Robert Armstrong,2026-08-21,Marketplace,Apparel,3,144.62,Germany,PayPal,433.86,295.88
10529,Gabriel Thompson,2026-08-21,Retail Store,Electronics,5,70.94,United Kingdom,Gift Card,354.7,0.0
10530,Desiree Lindsey,2026-08-21,Website,Electronics,3,110.39,Australia,Bank Transfer,331.17,0.0
10531,Sherry Anderson,2026-08-21,Marketplace,Home Goods,1,140.53,Germany,PayPal,140.53,0.0
10532,Jill Mathews,2026-08-21,Website,Beauty,5,$267.94,Germany,Gift Card,1339.7,0.0
10533,Kyle Jefferson,2026-08-21,Website,Sports,2,209.45,Australia,Gift Card,418.9,0.0
10534,John Simpson,2026-08-21,Website,Beauty,5,270.92,United States,Gift Card,1354.6,0.0
10535,Carl Russo,2026-08-21,Website,Electronics,1,28.12,Germany,PayPal,28.12,13.0
10536,Alan Henderson,2026-08-21,Website,Electronics,5,90.45,Germany,Credit Card,452.25,377.98
10537,Joy Cross,2026-08-21,Website,Beauty,3,254.24,Canada,PayPal,762.72,0.0
10538,Charles Sexton,2026-08-21,Marketplace,Electronics,4,207.7,United States,Gift Card,830.8,0.0
10539,Jaime Hampton,2026-08-21,Website,Apparel,2,176.39,United States,Gift Card,352.78,0.0
10540,Mark Smith,2026-08-21,Retail Store,Home Goods,3,151.15,United Kingdom,PayPal,453.45,0.0
10541,Rhonda Peterson,2026-08-21,Marketplace,Home Goods,2,309.9,United States,Gift Card,619.8,149.49
10542,Alyssa Davis,2026-08-21,Marketplace,Home Goods,4,86.6,Australia,PayPal,346.4,0.0
10543,Barbara Johnson,2026-08-21,Retail Store,Electronics,3,248.2,Germany,PayPal,744.6,0.0
10544,Kelli Patterson,2026-08-21,Website,Electronics,1,128.97,Canada,Bank Transfer,128.97,0.0
10545,Tiffany Rodriguez,"August 21, 2026",Website,Apparel,1,114.06,Canada,Gift Card,114.06,0.0
10546,David Anderson,2026-08-21,Retail Store,Home Goods,2,$176.39,Australia,Gift Card,352.78,0.0
10547,Stephen Martin,08/21/2026,Retail Store,Sports,1,234.97,Canada,Credit Card,234.97,0.0
10548,Stephanie Lee,2026-08-21,Website,Beauty,4,18.01,Australia,PayPal,72.04,36.07
10549,Jonathan Perry,2026-08-21,Marketplace,Beauty,1,33.07,Germany,Gift Card,33.07,0.0
10550,Dawn Chavez,2026-08-21,Website,Home Goods,3,219.14,Canada,Gift Card,657.42,0.0
10551,Kevin Sanders,2026-08-21,Website,Beauty,3,224.19,Canada,PayPal,672.57,0.0
10552,Regina Anderson,2026-08-21,Website,Home Goods,4,194.1,United Kingdom,Credit Card,776.4,0.0
10553,John Jones DDS,2026-08-21,Website,Home Goods,3,334.54,United Kingdom,Credit Card,1003.62,0.0
10554,Theresa Gonzalez,2026-08-21,Website,Sports,3,227.8,Australia,Gift Card,683.4,0.0
10555,Felicia Fuentes,2026-08-21,Retail Store,Home Goods,3,308.87,Australia,Gift Card,926.61,0.0
10556,Charles Jackson,2026-08-21,Website,Beauty,3,$222.64,Germany,Gift Card,667.92,0.0
10557,Leslie Martin,2026-08-21,Website,Beauty,2,118.12,France,Bank Transfer,236.24,0.0
10558,Nicole Miranda,2026-08-21,Website,Beauty,2,301.18,United States,PayPal,602.36,0.0
10559,Julie Martinez PhD,2026-08-21,Website,Electronics,2,212.28,Canada,Bank Transfer,424.56,175.96
10560,Reginald Evans,"August 21, 2026",Website,Sports,5,69.26,United Kingdom,Bank Transfer,346.3,0.0
10561,Christine Gordon,2026-08-21,Website,Home Goods,1,133.89,France,Credit Card,133.89,30.84
10562,Jo Escobar,2026-08-21,Website,Sports,4,48.68,Germany,PayPal,194.72,0.0
10563,Regina Miranda,2026-08-21,Website,Apparel,1,93.47,Canada,Bank Transfer,93.47,0.0
10564,,2026-08-21,Website,Sports,4,$141.92,United States,Bank Transfer,567.68,285.53
10565,Eric Hill Jr.,2026-08-21,Website,Home Goods,3,212.57,Germany,Gift Card,637.71,0.0
10566,Jessica Mann,2026-08-21,Marketplace,Electronics,1,197.39,Australia,Gift Card,197.39,0.0
10567,Alyssa Hayes,2026-08-21,Website,Apparel,900,321.8,Australia,Gift Card,643.6,0.0
10568,Mr. Thomas Perez,2026-08-21,Website,Home Goods,4,$320.72,United Kingdom,Credit Card,1282.88,1727.1073977013991
10569,Michael Green,2026-08-21,Website,Electronics,3,48.8,United States,Credit Card,146.4,0.0
10570,Brianna Pollard,2026-08-21,Website,Sports,1,31.58,France,Gift Card,31.58,0.0
10571,Todd Reed,"August 21, 2026",Website,Sports,3,163.32,Canada,Credit Card,489.96,0.0
10572,David Frye,2026-08-21,Website,Home Goods,2,303.14,Australia,Gift Card,606.28,0.0
10573,Bruce Thomas,2026-08-21,Marketplace,Beauty,3,211.86,United States,Bank Transfer,635.58,0.0
10574,Marissa Larson,2026-08-21,Website,Home Goods,4,317.42,US,Bank Transfer,1269.68,0.0
10575,Carrie Johnson,2026-08-21,Retail Store,Electronics,4,163.12,Australia,PayPal,652.48,0.0
10576,Anthony Bryant DVM,2026-08-21,Website,Electronics,4,144.47,Canada,PayPal,577.88,0.0
10577,Cindy Owens,2026-08-21,Website,Beauty,1,114.84,United Kingdom,Credit Card,114.84,0.0
10578,Amanda Cameron,2026-08-21,Marketplace,Home Goods,5,94.31,United States,Gift Card,471.55,356.49
10579,Michelle Anderson,2026-08-21,Marketplace,Home Goods,3,$308.62,United States,Gift Card,925.86,1310.9614299035845
10580,Jennifer Walters,"August 21, 2026",Retail Store,Sports,1,195.89,France,PayPal,195.89,0.0
10581,Rebecca Anderson,"August 21, 2026",Website,Home Goods,1,153.13,Germany,PayPal,153.13,0.0
10582,Jason Pruitt,2026-08-21,Marketplace,Home Goods,3,230.23,France,Credit Card,690.69,0.0
10583,Steven Lewis,2026-08-21,Retail Store,Electronics,4,113.49,France,PayPal,453.96,0.0
10584,Erin Reeves,21-08-2026,Website,Beauty,5,85.93,United States,Bank Transfer,429.65,0.0
10585,Carlos Gordon,2026-08-21,Website,Electronics,5,74.0,United States,Credit Card,370.0,496.3436924548276
10586,Scott Olsen,2026-08-21,Marketplace,Beauty,1,335.31,Canada,PayPal,335.31,0.0
10587,Joe Carr,2026-08-21,Website,Apparel,4,275.05,United States,Bank Transfer,1100.2,282.91
10588,Marilyn Sanford MD,2026-08-21,Retail Store,Home Goods,5,273.41,United States,Credit Card,1367.05,0.0
10589,Molly Sullivan,2026-08-21,Marketplace,Apparel,3,341.54,Australia,Gift Card,1024.62,755.42
10590,Melissa Brown,2026-08-21,Retail Store,Electronics,2,74.83,Canada,Bank Transfer,149.66,28.93
10591,Daniel Dodson,2026-08-21,Website,Apparel,4,92.44,Australia,Bank Transfer,369.76,0.0
10592,Danielle Carr,2026-08-21,Website,Electronics,3,78.31,Australia,Credit Card,234.93,0.0
10593,Cathy Davis,2026-08-21,Website,Beauty,3,303.25,UK,PayPal,909.75,0.0
10594,Austin Hansen,2026-08-21,Website,Home Goods,1,68.29,Germany,Bank Transfer,68.29,0.0
10595,Christopher Lopez,2026-08-21,Marketplace,Apparel,3,334.35,U.K.,PayPal,1003.05,0.0
10596,Lisa Mckinney,2026-08-21,Retail Store,Electronics,4,36.47,Germany,Credit Card,145.88,0.0
10597,Kimberly Davidson,2026-08-21,Website,Apparel,4,$307.88,United States,Gift Card,1231.52,0.0
10598,,2026-08-21,Website,Beauty,4,301.24,France,Credit Card,1204.96,0.0
10599,Keith Smith,2026-08-21,Website,Home Goods,4,332.58,France,PayPal,1330.32,330.28
10600,Christopher Fox,"August 21, 2026",Website,Apparel,1,256.78,France,Gift Card,256.78,0.0
10601,James Mcdowell,2026-08-21,Marketplace,Apparel,1,323.25,Germany,Credit Card,323.25,128.04
10602,Linda Mcneil,2026-08-21,Website,Home Goods,3,222.43,Germany,PayPal,667.29,0.0
10603,Chase Perkins,2026-08-21,Website,Electronics,2,207.08,Germany,Bank Transfer,414.16,0.0
10604,,2026-08-21,Website,Beauty,3,128.6,Germany,PayPal,385.8,0.0
10605,,2026-08-21,Marketplace,Apparel,3,159.32,Germany,PayPal,477.96,0.0
10606,Tina Young,2026-08-21,Website,Electronics,5,181.28,France,PayPal,906.4,0.0
10607,Nicholas May,21-08-2026,Website,Beauty,2,312.14,United States,PayPal,624.28,0.0
10608,Michelle Brown,2026-08-21,Website,Apparel,2,342.57,France,Gift Card,685.14,396.39
10609,Yolanda Giles,2026-08-21,Website,Electronics,5,158.65,France,Gift Card,793.25,0.0
10610,Robin Saunders,2026-08-21,Website,Beauty,5,30.17,Canada,Gift Card,150.85,0.0
10611,Jamie Holder,2026-08-21,Marketplace,Sports,1,57.44,Australia,PayPal,57.44,10.09
10612,Jeffrey Davis,2026-08-21,Marketplace,Beauty,4,337.3,France,Bank Transfer,1349.2,0.0
10613,Jennifer Wright,2026-08-21,Website,Sports,-2,$101.51,United Kingdom,Bank Transfer,203.02,0.0
10614,Kevin Young,08/21/2026,Website,Home Goods,3,14.51,United Kingdom,Credit Card,43.53,13.26
10615,Barry Ferguson,2026-08-21,Marketplace,Apparel,4,142.24,Germany,Bank Transfer,568.96,0.0
10616,Michael Martin,2026-08-21,Retail Store,Beauty,3,$13.83,France,Credit Card,41.49,0.0
10617,Joshua Jackson,2026-08-21,Website,Home Goods,3,89.03,Canada,Bank Transfer,267.09,0.0
10618,Toni Buchanan,2026-08-21,Marketplace,Home Goods,5,342.17,United Kingdom,Credit Card,1710.85,0.0
10619,Christopher Cantrell,2026-08-21,Website,Beauty,5,14.03,United Kingdom,Credit Card,70.15,93.373873886138
10620,Mr. Cody Chan,2026-08-21,Marketplace,Sports,4,137.07,Germany,Bank Transfer,548.28,0.0
10621,Sandra Johnson,2026-08-21,Marketplace,Sports,4,75.7,United Kingdom,PayPal,302.8,251.31
10622,Christina Dunn,"August 21, 2026",Retail Store,Beauty,2,271.43,France,PayPal,542.86,0.0
10623,Sandra Jones,2026-08-21,Marketplace,Beauty,2,343.02,France,Credit Card,686.04,0.0
10624,Robert Ward,2026-08-21,Website,Sports,4,127.58,Canada,Bank Transfer,510.32,0.0
10625,Dr. Sherri Tapia DVM,2026-08-21,Marketplace,Home Goods,5,155.53,Germany,Credit Card,777.65,0.0
10626,John Williams,2026-08-21,Website,Sports,5,269.37,Canada,Gift Card,1346.85,0.0
10627,Mariah Wright,21-08-2026,Marketplace,Sports,2,297.81,France,PayPal,595.62,0.0
10628,Briana Rogers,2026-08-21,Website,Sports,4,284.05,Germany,Bank Transfer,1136.2,0.0
10629,Jonathan Davis,2026-08-21,Website,Electronics,1,162.02,Germany,PayPal,162.02,0.0
10630,Jennifer Garner,2026-08-21,Marketplace,Sports,3,24.24,United Kingdom,PayPal,72.72,99.19348744772574
10631,Tracy Morales,2026-08-21,Website,Electronics,3,216.36,United Kingdom,PayPal,649.08,205.23
10632,Cody Morgan,2026-08-21,Marketplace,Electronics,-3,162.11,France,Credit Card,486.33,0.0
10633,Melissa Harrison,2026-08-21,Marketplace,Home Goods,3,52.78,United States,Credit Card,158.34,0.0
10634,Carolyn Aguilar,2026-08-21,Marketplace,Beauty,2,298.24,Canada,Credit Card,596.48,0.0
10635,Rebecca Davis,2026-08-21,Retail Store,Beauty,1,346.05,United Kingdom,Credit Card,346.05,0.0
10636,Dustin Sanchez,2026-08-21,Website,Electronics,4,268.4,United Kingdom,Credit Card,1073.6,0.0
10637,,2026-08-21,Website,Sports,3,224.01,Germany,Bank Transfer,672.03,478.05
10638,Bethany Taylor,08/21/2026,Website,Sports,4,291.46,United Kingdom,PayPal,1165.84,0.0
10639,Bridget Hernandez,2026-08-21,Website,Electronics,1,282.99,Canada,PayPal,282.99,0.0
10640,Bryan Boyd,2026-08-21,Website,Apparel,3,123.19,United Kingdom,PayPal,369.57,0.0
10641,Brian Fischer,2026-08-21,Marketplace,Sports,4,246.94,Canada,Gift Card,987.76,0.0
10642,Mrs. Amy Bennett DDS,21-08-2026,Website,Home Goods,4,$47.66,Canada,Credit Card,190.64,0.0
10643,Haley Powell,2026-08-21,Website,Home Goods,5,$143.87,Germany,Credit Card,719.35,0.0
10644,Anthony Taylor,2026-08-21,Retail Store,Electronics,2,277.66,Australia,Gift Card,555.32,0.0
10645,Lorraine Parrish,2026-08-21,Marketplace,Beauty,5,17.25,Canada,PayPal,86.25,0.0
10646,Kyle Watkins,2026-08-21,Website,Apparel,1,160.68,United Kingdom,PayPal,160.68,0.0
10647,Julie Thomas,08/21/2026,Website,Electronics,3,135.9,Australia,Credit Card,407.7,0.0
10648,Karina Swanson,2026-08-21,Marketplace,Electronics,5,203.15,Australia,PayPal,1015.75,0.0
10649,Donna Butler,2026-08-21,Marketplace,Home Goods,3,41.76,Australia,Credit Card,125.28,0.0
10650,Sharon Sawyer,2026-08-21,Website,Electronics,4,281.57,Australia,PayPal,1126.28,0.0
10651,Robert Goodman,08/21/2026,Website,Electronics,2,$148.19,Germany,Credit Card,296.38,0.0
10652,Virginia Chavez,2026-08-21,Retail Store,Home Goods,-3,274.27,United Kingdom,Credit Card,822.81,0.0
10653,Cristian Murillo,2026-08-21,Website,Home Goods,1,157.32,United Kingdom,Gift Card,157.32,0.0
10654,Jennifer Brewer,08/21/2026,Retail Store,Electronics,4,286.29,Canada,PayPal,1145.16,0.0
10655,Robin Salazar,2026-08-21,Marketplace,Beauty,2,192.91,United Kingdom,Gift Card,385.82,0.0
10656,Jordan Gutierrez,2026-08-21,Website,Home Goods,5,13.64,Canada,Credit Card,68.2,0.0
10657,Stacey Brown,2026-08-21,Marketplace,Sports,5,252.94,United Kingdom,Bank Transfer,1264.7,0.0
10658,Tony Jackson,2026-08-21,Website,Sports,1,278.16,United Kingdom,Gift Card,278.16,0.0
10659,Sarah Wheeler,2026-08-21,Website,Apparel,2,$200.63,United Kingdom,PayPal,401.26,0.0
10660,Andrew Johns,2026-08-21,Marketplace,Home Goods,5,128.89,France,Gift Card,644.45,0.0
10661,Joshua Montoya,2026-08-21,Website,Sports,3,144.83,United States,PayPal,434.49,0.0
10662,Jennifer Johnson,2026-08-21,Retail Store,Apparel,5,113.88,Canada,Gift Card,569.4,0.0
10663,Steven Allen,2026-08-21,Marketplace,Sports,4,117.51,United Kingdom,PayPal,470.04,0.0
10664,Lisa Knight,2026-08-21,Website,Beauty,4,126.62,United States,Gift Card,506.48,0.0
10665,Michelle Porter,2026-08-21,Website,Home Goods,1,310.0,Germany,Gift Card,310.0,140.08
10666,Regina May,2026-08-21,Website,Beauty,5,210.08,Australia,PayPal,1050.4,0.0
10667,James Wilson,2026-08-21,Marketplace,Sports,2,200.24,France,Gift Card,400.48,0.0
10668,Robin Roth,2026-08-21,Website,Electronics,5,68.88,U.K.,Credit Card,344.4,0.0
10669,Peter Johnson,"August 21, 2026",Website,Sports,4,58.57,Australia,Bank Transfer,234.28,0.0
10670,Joseph Gay,2026-08-21,Marketplace,Home Goods,1,295.29,France,PayPal,295.29,0.0
10671,Jose Arnold,2026-08-21,Retail Store,Electronics,2,142.02,United States,Credit Card,284.04,0.0
10672,Kevin Ferrell,2026-08-21,Website,Electronics,5,337.21,Canada,PayPal,1686.05,0.0
10673,Sarah Gillespie,2026-08-21,Website,Sports,4,43.1,Canada,Bank Transfer,172.4,0.0
10674,Mrs. Shannon Rivera DDS,2026-08-21,Website,Sports,5,163.3,United States,PayPal,816.5,0.0
10675,James Mendoza,2026-08-21,Website,Sports,3,271.73,Canada,Bank Transfer,815.19,0.0
10676,Jerome Cameron,21-08-2026,Website,Beauty,5,127.46,U.S.,Gift Card,637.3,0.0
10677,Angel Reeves,2026-08-21,Website,Beauty,5,212.86,United Kingdom,Bank Transfer,1064.3,0.0
10678,Stephen Carson,2026-08-21,Marketplace,Apparel,5,201.02,United States,PayPal,1005.1,0.0
10679,Kristi Armstrong,2026-08-21,Website,Beauty,1,125.49,Canada,Credit Card,125.49,92.74
10680,Tyler Adkins,2026-08-21,Website,Home Goods,2,312.95,United States,Bank Transfer,625.9,0.0
10681,Drew Gibson,2026-08-21,Website,Apparel,4,113.13,United Kingdom,Credit Card,452.52,0.0
10682,Kathy Smith,21-08-2026,Website,Apparel,3,327.89,France,Gift Card,983.67,513.45
10683,Susan Wheeler,2026-08-21,Marketplace,Sports,1,276.02,Australia,Bank Transfer,276.02,0.0
10684,Carrie Johnson,2026-08-21,Website,Home Goods,2,170.21,United States,Gift Card,340.42,0.0
10685,Jeremiah Diaz,2026-08-21,Retail Store,Apparel,1,335.32,Canada,PayPal,335.32,0.0
10686,Carl Hill,2026-08-21,Marketplace,Home Goods,2,$133.9,Canada,Credit Card,267.8,0.0
10687,Deborah Callahan,2026-08-21,Website,Home Goods,1,278.95,Australia,Credit Card,278.95,0.0
10688,Thomas Callahan,"August 21, 2026",Website,Sports,3,255.31,Canada,Gift Card,765.93,0.0
10689,Patricia Price,2026-08-21,Marketplace,Beauty,5,71.81,France,PayPal,359.05,0.0
10690,Steven Ayala,08/21/2026,Marketplace,Beauty,2,218.74,France,Gift Card,437.48,0.0
10691,Emily Coleman,2026-08-21,Website,Sports,3,$61.57,United Kingdom,Gift Card,184.71,0.0
10692,Martin Gonzalez,2026-08-21,Marketplace,Electronics,2,264.17,France,Bank Transfer,528.34,0.0
10693,Krystal Barajas,2026-08-21,Website,Home Goods,4,306.63,United States,Gift Card,1226.52,0.0
10694,Helen Ortiz,2026-08-21,Marketplace,Beauty,5,294.46,Germany,PayPal,1472.3,0.0
10695,Daniel Roberts,2026-08-21,Marketplace,Sports,5,252.51,United States,PayPal,1262.55,0.0
10696,Ashley Fisher,08/21/2026,Retail Store,Sports,2,57.53,Australia,PayPal,115.06,0.0
10697,Melissa Martinez,2026-08-21,Marketplace,Beauty,4,191.17,United States,Bank Transfer,764.68,0.0
10698,Luis Flores,2026-08-21,Retail Store,Apparel,2,291.85,Australia,Gift Card,583.7,0.0
10699,Wendy Webb,21-08-2026,Website,Apparel,1,147.1,United States,Bank Transfer,147.1,0.0
10700,Brandy Bryant,2026-08-21,Website,Electronics,2,98.83,Australia,Gift Card,197.66,0.0
10701,Eugene Mclean,2026-08-21,Website,Electronics,2,12.79,United Kingdom,Gift Card,25.58,0.0
10702,Brian Medina II,2026-08-21,Retail Store,Apparel,5,$47.98,United States,PayPal,239.9,0.0
10703,Anna Bates,2026-08-21,Website,Home Goods,672,266.78,Australia,Bank Transfer,1333.9,0.0
10704,Valerie Ball,21-08-2026,Marketplace,Beauty,3,302.33,Australia,PayPal,906.99,0.0
10705,Deanna Rogers,"August 21, 2026",Website,Electronics,5,180.03,Canada,Gift Card,900.15,0.0
10706,Kimberly Wall,2026-08-21,Marketplace,Apparel,4,80.21,United States,Credit Card,320.84,82.86
10707,Shelby Page,2026-08-21,Website,Home Goods,3,301.26,Australia,Bank Transfer,903.78,0.0
10708,Jennifer Jones,2026-08-21,Website,Electronics,3,131.49,United States,Credit Card,394.47,0.0
10709,Jennifer Marshall,2026-08-21,Website,Sports,1,195.13,Germany,Gift Card,195.13,0.0
10710,,2026-08-21,Website,Apparel,2,321.94,Australia,Credit Card,643.88,0.0
10711,Michael Walker,2026-08-21,Website,Electronics,3,338.11,United Kingdom,Bank Transfer,1014.33,0.0
10712,Rodney Roberts,2026-08-21,Marketplace,Beauty,3,321.59,France,PayPal,964.77,0.0
10713,Rebecca Johnson,2026-08-21,Website,Sports,5,76.28,France,PayPal,381.4,0.0
10714,Amber Adams,2026-08-21,Retail Store,Apparel,5,74.86,Australia,Bank Transfer,374.3,177.77
10715,Joseph Alvarez,2026-08-21,Website,Home Goods,1,109.49,Canada,PayPal,109.49,0.0
10716,Amanda Dunn,2026-08-21,Website,Sports,4,62.86,Germany,Credit Card,251.44,0.0
10717,Dana Santos,2026-08-21,Marketplace,Electronics,5,9.26,France,Credit Card,46.3,0.0
10718,Lauren Lam,2026-08-21,Website,Sports,2,250.19,Australia,Credit Card,500.38,0.0
10719,Sean Santiago,2026-08-21,Website,Beauty,2,17.87,Australia,Gift Card,35.74,0.0
10720,Deborah Lopez,2026-08-21,Retail Store,Sports,1,31.35,USA,PayPal,31.35,0.0
10721,George Marsh,"August 21, 2026",Website,Beauty,2,258.94,Germany,Bank Transfer,517.88,0.0
10722,Tiffany Parker,2026-08-21,Marketplace,Sports,5,220.33,United Kingdom,Credit Card,1101.65,0.0
10723,Sharon Smith,2026-08-21,Website,Apparel,1,323.73,United States,Bank Transfer,323.73,0.0
10724,Wayne Sullivan,2026-08-21,Website,Apparel,1,$318.83,United States,Credit Card,318.83,0.0
10725,Robert Martinez,2026-08-21,Marketplace,Home Goods,3,246.9,France,PayPal,740.7,0.0
10726,Dr. James Riley PhD,2026-08-21,Website,Home Goods,4,220.44,Canada,Credit Card,881.76,528.4
10727,Jason Ford,2026-08-21,Website,Sports,2,105.31,United States,Bank Transfer,210.62,0.0
10728,Denise Spencer,2026-08-21,Marketplace,Beauty,-1,35.26,France,Credit Card,35.26,0.0
10729,Lucas Pearson,2026-08-21,Marketplace,Sports,3,268.44,Germany,Credit Card,805.32,0.0
10730,Eric Olson,08/21/2026,Website,Sports,1,191.36,United States,Gift Card,191.36,0.0
10731,Brandon Armstrong,2026-08-21,Website,Beauty,4,241.82,United States,PayPal,967.28,271.49
10732,Courtney Thomas,2026-08-21,Retail Store,Sports,4,12.94,United States,Gift Card,51.76,0.0
10733,Brian Decker,2026-08-21,Website,Apparel,2,139.73,Germany,Bank Transfer,279.46,0.0
10734,Michael Sutton,2026-08-21,Marketplace,Home Goods,2,259.35,France,Credit Card,518.7,0.0
10735,Jennifer Johnson,08/21/2026,Website,Sports,1,212.08,United States,PayPal,212.08,0.0
10736,Dawn Dean,2026-08-21,Website,Home Goods,4,201.5,Germany,Gift Card,806.0,0.0
10737,Andrew Thompson,2026-08-21,Website,Apparel,3,264.05,Germany,Bank Transfer,792.15,0.0
10738,Michael Camacho,2026-08-21,Marketplace,Home Goods,3,304.32,France,PayPal,912.96,0.0
10739,Mary Brown,2026-08-21,Marketplace,Electronics,4,62.2,United States,Credit Card,248.8,0.0
10740,Margaret Aguirre,2026-08-21,Marketplace,Apparel,-1,$71.27,United States,PayPal,71.27,0.0
10741,Samuel Gonzalez,2026-08-21,Marketplace,Electronics,3,154.73,France,Bank Transfer,464.19,0.0
10742,Jaime Perkins,2026-08-21,Marketplace,Sports,3,23.76,Australia,Bank Transfer,71.28,0.0
10743,Douglas Lewis,2026-08-21,Retail Store,Home Goods,5,279.67,Germany,PayPal,1398.35,0.0
10744,Lisa Hartman,2026-08-21,Website,Beauty,3,195.75,Canada,PayPal,587.25,0.0
10745,Albert Smith,2026-08-21,Marketplace,Beauty,2,199.41,France,Credit Card,398.82,0.0
10746,Kimberly Christian,2026-08-21,Website,Home Goods,2,121.97,Germany,Credit Card,243.94,0.0
10747,Jeffrey Eaton,2026-08-21,Website,Beauty,-5,38.4,Germany,PayPal,192.0,0.0
10748,Sean Hartman,2026-08-21,Website,Beauty,2,226.83,Germany,Credit Card,453.66,0.0
10749,Scott Smith,2026-08-21,Marketplace,Electronics,-1,$254.99,France,PayPal,254.99,82.06
10750,Blake Gonzalez,2026-08-21,Marketplace,Electronics,1788,322.77,United States,Credit Card,645.54,0.0
10751,Brenda Anderson,2026-08-21,Website,Beauty,3,43.43,Canada,Gift Card,130.29,0.0
10752,Christopher Mcmillan,2026-08-21,Marketplace,Electronics,2,35.02,United States,PayPal,70.04,0.0
10753,Benjamin Johnson,2026-08-21,Website,Beauty,2,336.03,United Kingdom,Bank Transfer,672.06,0.0
10754,David Sosa,2026-08-21,Website,Electronics,2,342.77,United States,Credit Card,685.54,0.0
10755,Brian Wilkins,2026-08-21,Marketplace,Beauty,5,312.22,Canada,Bank Transfer,1561.1,0.0
10756,Tyler Boyer,2026-08-21,Marketplace,Sports,4,273.0,United States,PayPal,1092.0,0.0
10757,Michael Hill,2026-08-21,Website,Sports,3,190.17,Canada,Bank Transfer,570.51,390.29
10758,George Lozano,2026-08-21,Website,Electronics,4,78.45,United Kingdom,Credit Card,313.8,111.57
10759,Richard Thomas,"August 21, 2026",Marketplace,Electronics,5,101.98,United States,Bank Transfer,509.9,0.0
10760,Eric Williams,2026-08-21,Marketplace,Home Goods,2,287.24,United Kingdom,Gift Card,574.48,0.0
10761,Mark Cordova,2026-08-21,Marketplace,Sports,5,215.91,Australia,Gift Card,1079.55,0.0
10762,Amy Daniel,2026-08-21,Website,Sports,4,98.53,Canada,Bank Transfer,394.12,154.87
10763,Eric Craig,2026-08-21,Marketplace,Sports,4,129.98,United Kingdom,Gift Card,519.92,0.0
10764,Gerald Jones,2026-08-21,Marketplace,Electronics,4,172.37,United States,Bank Transfer,689.48,0.0
10765,Jennifer Black,2026-08-21,Retail Store,Home Goods,5,342.32,United States,Credit Card,1711.6,0.0
10766,Jesse Howard,2026-08-21,Website,Apparel,4,243.4,Germany,Credit Card,973.6,0.0
10767,Melissa Santana,2026-08-21,Retail Store,Beauty,3,28.66,Germany,Credit Card,85.98,0.0
10768,David Cook,2026-08-21,Website,Beauty,2,333.44,United Kingdom,Gift Card,666.88,0.0
10769,Mrs. Joyce Clark,2026-08-21,Website,Beauty,-3,164.1,Canada,Credit Card,492.3,0.0
10770,William Davis,08/21/2026,Website,Electronics,5,263.61,Germany,Credit Card,1318.05,0.0
10771,Renee Perry,2026-08-21,Marketplace,Beauty,4,285.52,Germany,Credit Card,1142.08,0.0
10772,Brooke Lawson,2026-08-21,Retail Store,Home Goods,5,149.82,France,Gift Card,749.1,601.73
10773,Angela Hampton,2026-08-21,Website,Beauty,3,333.91,United Kingdom,Bank Transfer,1001.73,0.0
10774,Jared Hanson,21-08-2026,Marketplace,Sports,3,47.2,France,Credit Card,141.6,89.67
10775,Vincent Sharp,2026-08-21,Website,Home Goods,5,202.52,Germany,Bank Transfer,1012.6,0.0
10776,Johnny Alexander,2026-08-21,Website,Beauty,4,74.64,United Kingdom,Gift Card,298.56,0.0
10777,Amanda Vaughn,2026-08-21,Website,Electronics,5,149.59,France,PayPal,747.95,0.0
10778,Zachary Lee,2026-08-21,Website,Beauty,5,59.96,United States,PayPal,299.8,0.0
10779,Howard Miller,2026-08-21,Website,Home Goods,5,84.82,Australia,Gift Card,424.1,0.0
10780,Charles Richard,2026-08-21,Marketplace,Beauty,1,306.31,Australia,Bank Transfer,306.31,0.0
10781,Amanda Castillo,2026-08-21,Marketplace,Electronics,1,40.33,Germany,Gift Card,40.33,0.0
10782,Megan Mcbride,08/21/2026,Marketplace,Apparel,3,15.65,Canada,PayPal,46.95,0.0
10783,Justin Moore,2026-08-21,Marketplace,Home Goods,3,247.02,Germany,Bank Transfer,741.06,0.0
10784,Michael Lewis,2026-08-21,Website,Home Goods,4,279.52,Germany,Gift Card,1118.08,660.42
10785,Jessica Robinson,2026-08-21,Retail Store,Electronics,1,114.8,Germany,Gift Card,114.8,0.0
10786,Barbara Christensen,2026-08-21,Marketplace,Electronics,1,59.91,Canada,Gift Card,59.91,0.0
10787,Richard Wong,2026-08-21,Retail Store,Beauty,3,126.8,Australia,Credit Card,380.4,0.0
10788,Pamela Porter,2026-08-21,Website,Home Goods,5,304.28,United Kingdom,Credit Card,1521.4,0.0
10789,Zoe Wright,2026-08-21,Marketplace,Electronics,2,215.5,Germany,PayPal,431.0,192.36
10790,James Everett,2026-08-21,Website,Home Goods,2,142.54,Germany,Gift Card,285.08,0.0
10791,David Peters,2026-08-21,Website,Beauty,1,171.98,Australia,Bank Transfer,171.98,50.6
10792,Jose Vasquez,08/21/2026,Retail Store,Home Goods,2,72.96,France,Gift Card,145.92,0.0
10793,Jennifer Esparza,2026-08-21,Website,Electronics,2,209.74,United Kingdom,Gift Card,419.48,0.0
10794,Olivia Hansen,2026-08-21,Website,Electronics,1,312.54,United Kingdom,Gift Card,312.54,0.0
10795,John Quinn,2026-08-21,Marketplace,Apparel,5,186.24,Canada,Bank Transfer,931.2,0.0
10796,Jeffrey Evans,2026-08-21,Retail Store,Electronics,2,136.69,United States,Gift Card,273.38,0.0
10797,Christopher Stone,08/21/2026,Marketplace,Beauty,3,88.4,Canada,Bank Transfer,265.2,51.35
10798,Kristen Duncan MD,2026-08-21,Retail Store,Electronics,5,326.12,United Kingdom,Gift Card,1630.6,1211.64
10799,Mitchell Smith,2026-08-21,Retail Store,Home Goods,5,209.34,Germany,Bank Transfer,1046.7,0.0
10800,Christina Parker,2026-08-21,Website,Apparel,1,$20.48,United States,Bank Transfer,20.48,0.0
10801,Sandra Love,2026-08-21,Website,Apparel,-1,248.74,Canada,PayPal,248.74,290.9401135027371
10802,Cynthia Russell,2026-08-21,Website,Sports,2,343.92,France,Credit Card,687.84,0.0
10803,Dylan Gonzalez,2026-08-21,Website,Sports,1,79.11,Australia,Credit Card,79.11,0.0
10804,Faith Thomas,2026-08-21,Marketplace,Beauty,3,200.6,United Kingdom,Gift Card,601.8,0.0
10805,Ricky Clark,2026-08-21,Retail Store,Home Goods,1,192.15,France,PayPal,192.15,0.0
10806,Jennifer Pugh,2026-08-21,Website,Electronics,1,229.93,Australia,Bank Transfer,229.93,0.0
10807,Megan Flynn,2026-08-21,Marketplace,Apparel,1,139.72,France,Bank Transfer,139.72,0.0
10808,Lauren Vargas,2026-08-21,Marketplace,Home Goods,4,173.62,Canada,Bank Transfer,694.48,0.0
10809,Jeffrey Lang,2026-08-21,Marketplace,Apparel,3,243.37,United States,Gift Card,730.11,0.0
10810,Edwin Graham,2026-08-21,Website,Apparel,1,144.64,Germany,Gift Card,144.64,0.0
10811,Scott Cannon,2026-08-21,Website,Sports,3,34.78,Australia,PayPal,104.34,0.0
10812,Timothy Pratt,2026-08-21,Marketplace,Beauty,4,181.59,United Kingdom,Bank Transfer,726.36,0.0
10813,Kim Ross,2026-08-21,Marketplace,Sports,3,222.55,Germany,Credit Card,667.65,0.0
10814,Mario Brady,2026-08-21,Website,Beauty,3,167.03,Canada,Gift Card,501.09,202.38
10815,,"August 21, 2026",Website,Electronics,4,80.67,Germany,Bank Transfer,322.68,0.0
10816,Candace Hatfield,2026-08-21,Website,Apparel,2,57.69,United Kingdom,Credit Card,115.38,0.0
10817,Tiffany Klein,"August 21, 2026",Retail Store,Sports,1,18.31,United States,Credit Card,18.31,0.0
10818,Danny Fields,2026-08-21,Marketplace,Sports,2,221.3,Australia,Credit Card,442.6,0.0
10819,Edward Carlson,2026-08-21,Retail Store,Beauty,2,112.24,France,Gift Card,224.48,0.0
10820,Maria Dickerson,08/21/2026,Marketplace,Electronics,4,175.68,United States,Credit Card,702.72,0.0
10821,Robert Nelson,2026-08-21,Website,Sports,1,35.45,Germany,Credit Card,35.45,0.0
10822,Kristin Glover,2026-08-21,Marketplace,Apparel,1,282.15,U.K.,Credit Card,282.15,0.0
10823,,2026-08-21,Website,Home Goods,4,107.39,Canada,Bank Transfer,429.56,0.0
10824,Jessica Johns,2026-08-21,Marketplace,Apparel,3,265.49,Germany,PayPal,796.47,0.0
10825,Wendy Ponce,2026-08-21,Website,Beauty,3,43.9,Canada,PayPal,131.7,0.0
10826,Isaiah Hays,2026-08-21,Website,Electronics,5,304.88,United Kingdom,Gift Card,1524.4,0.0
10827,Anthony Allen,2026-08-21,Retail Store,Home Goods,2,340.95,Canada,PayPal,681.9,0.0
10828,Corey Miller,2026-08-21,Website,Electronics,3,291.89,US,PayPal,875.67,0.0
10829,Kevin Lee,2026-08-21,Retail Store,Home Goods,4,189.61,United Kingdom,PayPal,758.44,0.0
10830,Monica Wright,2026-08-21,Marketplace,Beauty,5,227.87,Germany,Gift Card,1139.35,0.0
10831,Geoffrey Huff,2026-08-21,Website,Electronics,4,216.34,Germany,Gift Card,865.36,0.0
10832,Kelly Rose,2026-08-21,Website,Electronics,2,226.9,Germany,Bank Transfer,453.8,0.0
10833,Olivia Morrison,2026-08-21,Website,Electronics,1,238.96,Germany,PayPal,238.96,0.0
10834,Brenda Glover,2026-08-21,Marketplace,Electronics,2,93.77,United Kingdom,Gift Card,187.54,0.0
10835,Sonya Perry,2026-08-21,Marketplace,Beauty,3,314.91,United Kingdom,Credit Card,944.73,0.0
10836,Sarah Murray,2026-08-21,Website,Apparel,4,$113.24,Germany,PayPal,452.96,0.0
10837,Lynn Shaw,2026-08-21,Website,Apparel,1,62.65,United States,Gift Card,62.65,0.0
10838,Olivia Davis,2026-08-21,Retail Store,Home Goods,1,288.73,Canada,Credit Card,288.73,0.0
10839,Rachel Davis,2026-08-21,Website,Beauty,1,158.85,United Kingdom,Gift Card,158.85,0.0
10840,Steven Serrano,2026-08-21,Retail Store,Sports,2,269.55,United Kingdom,Credit Card,539.1,0.0
10841,Ashley Hebert,21-08-2026,Marketplace,Electronics,5,39.99,Germany,Bank Transfer,199.95,0.0
10842,Jeffrey Woods,2026-08-21,Website,Home Goods,4,24.61,United States,Gift Card,98.44,0.0
10843,Laura Jensen,2026-08-21,Marketplace,Apparel,3,75.5,United States,PayPal,226.5,0.0
10844,Candice Woodward,2026-08-21,Website,Beauty,3,148.5,UK,PayPal,445.5,0.0
10845,Juan Cochran,2026-08-21,Website,Sports,3,322.67,Australia,Credit Card,968.01,0.0
10846,Jeremiah Hayes,2026-08-21,Marketplace,Sports,2,117.21,Australia,Bank Transfer,234.42,0.0
10847,Mark Bridges,2026-08-21,Website,Sports,5,331.98,France,Gift Card,1659.9,0.0
10848,Kevin Roberts,21-08-2026,Website,Beauty,5,167.94,France,PayPal,839.7,0.0
10849,Alexander Lee II,2026-08-21,Website,Home Goods,3,75.81,Canada,Gift Card,227.43,0.0
10850,,2026-08-21,Website,Home Goods,3,102.05,Canada,Gift Card,306.15,0.0
10851,Robyn Alexander,2026-08-21,Website,Home Goods,3,258.3,United Kingdom,PayPal,774.9,0.0
10852,Jose Mooney,2026-08-21,Marketplace,Apparel,3,$59.42,United Kingdom,Credit Card,178.26,0.0
10853,Cynthia Crawford,2026-08-21,Website,Sports,4,228.93,Germany,PayPal,915.72,0.0
10854,Lisa Martin,2026-08-21,Website,Electronics,5,227.54,U.S.,Gift Card,1137.7,0.0
10855,Faith Fisher,2026-08-21,Website,Sports,3,$170.69,Canada,Bank Transfer,512.07,441.12
10856,Cameron Michael,08/21/2026,Website,Sports,4,184.93,United States,Gift Card,739.72,663.08
10857,Megan Gutierrez,2026-08-21,Marketplace,Electronics,3,157.06,Canada,Gift Card,471.18,0.0
10858,Carmen Larson,2026-08-21,Marketplace,Home Goods,2,254.08,United Kingdom,Credit Card,508.16,0.0
10859,Michele Fry,2026-08-21,Website,Electronics,4,104.58,Canada,Credit Card,418.32,0.0
10860,Natalie Parker,08/21/2026,Website,Sports,2,281.88,Germany,Bank Transfer,563.76,0.0
10861,Derek Patton,2026-08-21,Marketplace,Home Goods,2,339.6,United States,PayPal,679.2,0.0
10862,Brittany Michael,2026-08-21,Retail Store,Beauty,4,316.72,United Kingdom,Credit Card,1266.88,0.0
10863,Crystal Rivera,2026-08-21,Website,Home Goods,5,180.44,Canada,Credit Card,902.2,0.0
10864,Sarah Guzman,2026-08-21,Website,Apparel,3,268.82,Canada,Gift Card,806.46,0.0
10865,Maria Jensen,2026-08-21,Marketplace,Beauty,5,108.78,Germany,Credit Card,543.9,0.0
10866,Justin Carpenter,2026-08-21,Website,Apparel,5,319.67,Australia,Credit Card,1598.35,0.0
10867,David Jones,"August 21, 2026",Marketplace,Home Goods,1,116.6,Germany,PayPal,116.6,0.0
10868,Michael Robertson,2026-08-21,Retail Store,Apparel,2,174.04,Germany,Credit Card,348.08,394.4185269777816
10869,Hailey Brown,2026-08-21,Website,Apparel,2,$343.7,Germany,Gift Card,687.4,0.0
10870,Angela Bowman,2026-08-21,Website,Home Goods,2,187.64,United States,PayPal,375.28,0.0
10871,Natalie Daniels,2026-08-21,Website,Apparel,4,129.17,United Kingdom,Bank Transfer,516.68,297.3
10872,William Jones,2026-08-21,Website,Sports,4,95.05,United Kingdom,Gift Card,380.2,0.0
10873,Jeffery Vega,2026-08-21,Retail Store,Apparel,2,242.21,France,Credit Card,484.42,0.0
10874,Danielle Carr,2026-08-21,Website,Beauty,1,239.24,Germany,Bank Transfer,239.24,0.0
10875,Scott Sanchez,"August 21, 2026",Website,Apparel,3,153.44,Germany,Credit Card,460.32,0.0
10876,Melissa Conner,2026-08-21,Website,Apparel,3,83.48,Australia,Gift Card,250.44,0.0
10877,Michael Reeves,2026-08-21,Marketplace,Beauty,5,213.51,United States,Gift Card,1067.55,0.0
10878,Justin Zimmerman,2026-08-21,Retail Store,Apparel,3,266.07,Australia,PayPal,798.21,0.0
10879,Andrew Nelson,2026-08-21,Website,Sports,2,291.03,France,Bank Transfer,582.06,0.0
10880,Joseph Foster,2026-08-21,Website,Beauty,2,224.51,Germany,Bank Transfer,449.02,0.0
10881,Joyce Hickman,2026-08-21,Marketplace,Electronics,5,8.5,France,PayPal,42.5,0.0
10882,Kelly Wood,2026-08-21,Website,Apparel,5,117.93,Australia,Bank Transfer,589.65,0.0
10883,Michael Lambert,2026-08-21,Retail Store,Beauty,1,305.12,Canada,Gift Card,305.12,0.0
10884,Michael Frank Jr.,2026-08-21,Website,Electronics,3,$264.08,United Kingdom,Credit Card,792.24,0.0
10885,Kayla Smith,2026-08-21,Website,Sports,4,192.71,Germany,PayPal,770.84,0.0
10886,,2026-08-21,Marketplace,Beauty,2,$60.49,Germany,Bank Transfer,120.98,93.02
10887,Frank Young,2026-08-21,Website,Beauty,3,109.63,United Kingdom,Gift Card,328.89,0.0
10888,Katie Thomas,2026-08-21,Website,Home Goods,4,314.32,Australia,Gift Card,1257.28,0.0
10889,Felicia Ramirez,2026-08-21,Website,Home Goods,1,240.19,France,Bank Transfer,240.19,0.0
10890,Carlos Eaton,2026-08-21,Marketplace,Apparel,5,279.72,France,Bank Transfer,1398.6,0.0
10891,Jacob Figueroa,"August 21, 2026",Website,Sports,4,189.33,France,Gift Card,757.32,0.0
10892,,2026-08-21,Website,Beauty,2,270.26,United Kingdom,Bank Transfer,540.52,0.0
10893,Matthew Sherman,2026-08-21,Website,Sports,4,209.2,Germany,Bank Transfer,836.8,0.0
10894,Lindsey Holt,2026-08-21,Website,Apparel,4,$75.32,Germany,Credit Card,301.28,0.0
10895,Jeffrey Evans,2026-08-21,Website,Beauty,3,53.85,United Kingdom,PayPal,161.55,0.0
10896,James Curtis MD,2026-08-21,Marketplace,Sports,2,133.15,United States,Bank Transfer,266.3,0.0
10897,Sara Johnson,2026-08-21,Retail Store,Home Goods,3,168.46,Australia,Gift Card,505.38,0.0
10898,Tyler Fernandez,2026-08-21,Website,Beauty,4,30.74,Australia,Bank Transfer,122.96,0.0
10899,Heather Harding,2026-08-21,Website,Apparel,1,239.78,France,Bank Transfer,239.78,0.0
10900,Mr. Terry Palmer,2026-08-21,Marketplace,Sports,1,263.26,France,Gift Card,263.26,0.0
10901,Javier Wu,2026-08-21,Marketplace,Sports,3,337.45,Germany,Bank Transfer,1012.35,0.0
10902,Paul Shepard,2026-08-21,Website,Home Goods,5,52.13,Australia,PayPal,260.65,0.0
10903,Jo West,2026-08-21,Marketplace,Beauty,2,168.13,United Kingdom,PayPal,336.26,168.46
10904,Michael Thompson,2026-08-21,Marketplace,Sports,2,70.54,France,PayPal,141.08,0.0
10905,Peter Coleman,2026-08-21,Marketplace,Beauty,5,243.84,France,Credit Card,1219.2,1518.3453692270898
10906,William Galvan,2026-08-21,Website,Home Goods,5,312.96,Germany,Bank Transfer,1564.8,0.0
10907,Andrew Cline,2026-08-21,Marketplace,Beauty,5,250.53,United States,PayPal,1252.65,0.0
10908,Amy Kennedy,2026-08-21,Website,Electronics,5,246.69,United States,PayPal,1233.45,0.0
10909,David Erickson,08/21/2026,Website,Electronics,3,46.64,Germany,PayPal,139.92,0.0
10910,Ryan Wilson,2026-08-21,Website,Electronics,1,167.2,United States,Gift Card,167.2,50.18
10911,Hannah Middleton,2026-08-21,Marketplace,Home Goods,5,257.91,Australia,Gift Card,1289.55,0.0
10912,Antonio Johnson,2026-08-21,Marketplace,Electronics,5,323.8,Canada,Gift Card,1619.0,1334.56
10913,Victoria Bennett,2026-08-21,Marketplace,Beauty,3,316.73,Canada,Bank Transfer,950.19,0.0
10914,Elizabeth Graham,2026-08-21,Marketplace,Beauty,3,163.92,Germany,PayPal,491.76,0.0
10915,Jeffrey Miller,2026-08-21,Website,Beauty,1,289.21,United States,Gift Card,289.21,0.0
10916,Brad Brown,2026-08-21,Website,Electronics,1,178.6,France,Bank Transfer,178.6,0.0
10917,Jeffery Richards,2026-08-21,Marketplace,Sports,5,206.08,Germany,PayPal,1030.4,186.78
10918,Eric Adams,2026-08-21,Website,Beauty,4,239.96,Australia,PayPal,959.84,0.0
10919,Alison Martinez,2026-08-21,Website,Electronics,5,168.42,Germany,Bank Transfer,842.1,0.0
10920,Tammy Mann,2026-08-21,Retail Store,Beauty,2,299.62,United Kingdom,Credit Card,599.24,0.0
10921,Todd Olson,2026-08-21,Website,Apparel,3,11.2,France,Gift Card,33.6,0.0
10922,Tyler Pitts,2026-08-21,Website,Sports,4,187.8,Australia,PayPal,751.2,0.0
10923,Rhonda Williams,2026-08-21,Website,Beauty,4,163.25,France,Credit Card,653.0,0.0
10924,Sandra Thomas,2026-08-21,Website,Home Goods,2,162.58,Germany,Gift Card,325.16,0.0
10925,Stephanie Flowers,2026-08-21,Website,Sports,4,340.82,Germany,Bank Transfer,1363.28,0.0
10926,Timothy Johnson,2026-08-21,Marketplace,Home Goods,3,23.14,United States,Bank Transfer,69.42,0.0
10927,Grant Peters,2026-08-21,Marketplace,Home Goods,5,135.73,France,Credit Card,678.65,0.0
10928,Chase Craig,2026-08-21,Website,Home Goods,1,100.63,Germany,PayPal,100.63,39.34
10929,,2026-08-21,Website,Apparel,5,34.01,Germany,PayPal,170.05,0.0
10930,Diane Lopez,2026-08-21,Website,Beauty,4,44.24,United Kingdom,Credit Card,176.96,34.44
10931,Deanna Yates,2026-08-21,Website,Apparel,4,293.74,United States,Gift Card,1174.96,0.0
10932,Wayne Navarro,2026-08-21,Website,Home Goods,5,333.49,United States,PayPal,1667.45,0.0
10933,Michelle Robinson,2026-08-21,Website,Sports,5,324.02,United Kingdom,Credit Card,1620.1,0.0
10934,Marcus Obrien,2026-08-21,Marketplace,Electronics,5,222.25,Germany,Bank Transfer,1111.25,0.0
10935,Barbara Thompson,2026-08-21,Website,Electronics,1,38.77,Germany,Credit Card,38.77,0.0
10936,Michelle Black,2026-08-21,Website,Sports,5,327.41,Canada,Gift Card,1637.05,0.0
10937,Laura Patterson,2026-08-21,Marketplace,Electronics,1,26.22,United States,Credit Card,26.22,13.24
10938,James Rodriguez,2026-08-21,Marketplace,Sports,3,185.8,France,Credit Card,557.4,0.0
10939,Ann Strickland,21-08-2026,Website,Beauty,4,254.21,Australia,Credit Card,1016.84,0.0
10940,Gerald Burnett,2026-08-21,Website,Beauty,2,300.34,Australia,Gift Card,600.68,0.0
10941,Brandon Williams,2026-08-21,Marketplace,Apparel,2,71.25,United Kingdom,Bank Transfer,142.5,0.0
10942,Janet Brown,2026-08-21,Retail Store,Beauty,4,170.06,Germany,Bank Transfer,680.24,0.0
10943,Nicholas Fields,2026-08-21,Website,Sports,2,255.51,Australia,Bank Transfer,511.02,0.0
10944,Brian Harper,2026-08-21,Website,Apparel,4,157.64,United States,Gift Card,630.56,0.0
10945,Aaron Turner,2026-08-21,Website,Apparel,3,280.73,Canada,PayPal,842.19,0.0
10946,Sean Edwards,2026-08-21,Marketplace,Electronics,3,195.16,United States,PayPal,585.48,0.0
10947,Rachael Lopez,2026-08-21,Website,Apparel,4,269.26,United Kingdom,PayPal,1077.04,0.0
10948,Stephanie Wong,2026-08-21,Website,Apparel,3,$13.22,United Kingdom,PayPal,39.66,0.0
10949,Mark Miller,2026-08-21,Marketplace,Home Goods,2,60.96,Canada,Credit Card,121.92,0.0
10950,Patrick Ho,2026-08-21,Website,Apparel,2,$87.65,Australia,Credit Card,175.3,0.0
10951,John Montoya,2026-08-21,Website,Beauty,4,331.86,Canada,Bank Transfer,1327.44,0.0
10952,Joseph Ramirez,2026-08-21,Website,Apparel,2,71.0,United States,Credit Card,142.0,0.0
10953,Ian Morton,2026-08-21,Retail Store,Beauty,1,207.98,Canada,Bank Transfer,207.98,0.0
10954,Tina Edwards,2026-08-21,Marketplace,Sports,4,$311.0,United Kingdom,Bank Transfer,1244.0,0.0
10955,Kathy Ellison,2026-08-21,Website,Beauty,2,329.97,France,PayPal,659.94,236.87
10956,Jack Escobar,2026-08-21,Marketplace,Home Goods,3,299.11,France,Gift Card,897.33,551.87
10957,Michael Moore,2026-08-21,Website,Electronics,1,50.71,France,Credit Card,50.71,0.0
10958,Matthew Walsh,2026-08-21,Website,Sports,4,288.56,Canada,Gift Card,1154.24,0.0
10959,Stacy Hickman,08/21/2026,Retail Store,Electronics,4,94.83,Canada,Gift Card,379.32,0.0
10960,Christopher Roberts,2026-08-21,Website,Electronics,3,189.07,United Kingdom,Bank Transfer,567.21,0.0
10961,James Cox,2026-08-21,Retail Store,Home Goods,2,198.12,France,Bank Transfer,396.24,0.0
10962,Jonathan Rogers,2026-08-21,Marketplace,Electronics,3,$259.58,Australia,Gift Card,778.74,138.83
10963,Sandra Blackburn,2026-08-21,Marketplace,Apparel,4,310.56,Germany,Gift Card,1242.24,0.0
10964,James Oneill,2026-08-21,Website,Beauty,4,247.11,United Kingdom,Bank Transfer,988.44,0.0
10965,Lisa Reed,2026-08-21,Website,Apparel,3,193.47,Canada,Bank Transfer,580.41,0.0
10966,Margaret Roman,2026-08-21,Website,Beauty,2,71.19,United States,Credit Card,142.38,57.93
10967,Melody Garcia,2026-08-21,Marketplace,Apparel,2,216.11,Germany,Bank Transfer,432.22,0.0
10968,Mr. Travis Roberts,2026-08-21,Website,Sports,3,327.01,United States,Bank Transfer,981.03,0.0
10969,Patricia Anderson,2026-08-21,Marketplace,Sports,1,40.76,United Kingdom,Gift Card,40.76,0.0
10970,Jacqueline Butler,2026-08-21,Website,Home Goods,5,321.91,Australia,Credit Card,1609.55,0.0
10971,Joshua Jefferson,2026-08-21,Marketplace,Electronics,2,186.23,U.K.,Gift Card,372.46,0.0
10972,Jennifer Blake,2026-08-21,Retail Store,Home Goods,5,16.63,Germany,Credit Card,83.15,0.0
10973,Sarah Rivas,2026-08-21,Marketplace,Sports,2,$50.56,Germany,Gift Card,101.12,0.0
10974,Carlos Sandoval,2026-08-21,Website,Beauty,3,262.69,France,PayPal,788.07,0.0
10975,Dana Berry,2026-08-21,Website,Apparel,3,242.12,Australia,Bank Transfer,726.36,0.0
10976,Jennifer King,2026-08-21,Website,Beauty,2,206.6,Australia,PayPal,413.2,225.21
10977,Samuel Hensley,2026-08-21,Website,Electronics,905,213.06,United States,Gift Card,852.24,0.0
10978,Casey Leach,2026-08-21,Marketplace,Beauty,4,305.45,Germany,Gift Card,1221.8,0.0
10979,Kimberly Perez,2026-08-21,Website,Home Goods,4,287.01,United States,Credit Card,1148.04,0.0
10980,Sonya Wiggins,2026-08-21,Marketplace,Beauty,1,287.48,Germany,PayPal,287.48,0.0
10981,Daniel Garcia,2026-08-21,Website,Beauty,5,229.42,Germany,Gift Card,1147.1,0.0
10982,Mr. Steven Williams,2026-08-21,Website,Electronics,2,123.79,Germany,Credit Card,247.58,0.0
10983,Andrew Harris,2026-08-21,Retail Store,Apparel,4,135.96,Australia,Gift Card,543.84,0.0
10984,Debra Chandler,2026-08-21,Retail Store,Electronics,3,198.79,France,Bank Transfer,596.37,0.0
10985,Doris Williams,2026-08-21,Website,Home Goods,3,324.43,United States,Credit Card,973.29,0.0
10986,Heather Woods,2026-08-21,Marketplace,Sports,5,177.03,United Kingdom,Gift Card,885.15,0.0
10987,Anthony Ortiz,2026-08-21,Marketplace,Apparel,1,232.03,United Kingdom,Bank Transfer,232.03,0.0
10988,Susan Floyd,2026-08-21,Website,Apparel,4,311.36,Australia,Bank Transfer,1245.44,385.49
10989,Crystal Salinas,2026-08-21,Marketplace,Home Goods,3,10.62,United Kingdom,Bank Transfer,31.86,0.0
10990,Jennifer Liu,21-08-2026,Website,Home Goods,2,55.53,Germany,Bank Transfer,111.06,0.0
10991,Olivia Nunez,2026-08-21,Website,Home Goods,2,28.4,Australia,Credit Card,56.8,0.0
10992,Michael Hunt,2026-08-21,Retail Store,Beauty,4,196.1,Germany,Bank Transfer,784.4,0.0
10993,Ryan Norton,2026-08-21,Marketplace,Home Goods,5,$100.1,United Kingdom,Gift Card,500.5,0.0
10994,Aimee Wright,2026-08-21,Website,Apparel,2,141.19,Australia,PayPal,282.38,0.0
10995,Gabriella Meyer,"August 21, 2026",Marketplace,Electronics,1,85.24,Australia,PayPal,85.24,0.0
10996,James Jackson,2026-08-21,Website,Sports,5,26.2,France,PayPal,131.0,195.03838083948293
10997,Howard Day,2026-08-21,Retail Store,Apparel,4,184.0,Canada,PayPal,736.0,0.0
10998,David Dunlap,2026-08-21,Marketplace,Electronics,4,299.16,Canada,Bank Transfer,1196.64,0.0
10999,David Dillon,2026-08-21,Marketplace,Electronics,5,121.29,Australia,Bank Transfer,606.45,0.0
11000,Hannah Coleman,2026-08-21,Website,Home Goods,1,$187.82,Germany,PayPal,187.82,0.0
11001,Andrew Barton,2026-08-21,Website,Sports,5,$136.73,United States,Credit Card,683.65,0.0
11002,Allison Brown,08/21/2026,Website,Electronics,4,81.73,Canada,PayPal,326.92,0.0
11003,Casey Mcdaniel,2026-08-21,Website,Home Goods,1,174.68,United States,PayPal,174.68,0.0
11004,Tanya Stewart,2026-08-21,Marketplace,Home Goods,4,153.11,United Kingdom,Credit Card,612.44,0.0
11005,Kristen Quinn,"August 21, 2026",Website,Home Goods,4,33.58,Australia,PayPal,134.32,0.0
11006,Dr. Julie Hill DDS,2026-08-21,Website,Beauty,5,64.75,Australia,PayPal,323.75,0.0
11007,Amber Mejia,2026-08-21,Website,Beauty,3,222.77,United States,Bank Transfer,668.31,0.0
11008,Shannon Smith,2026-08-21,Website,Sports,4,135.57,United Kingdom,Gift Card,542.28,0.0
11009,Derrick Reid,"August 21, 2026",Retail Store,Home Goods,4,$327.29,Canada,Gift Card,1309.16,0.0
11010,,2026-08-21,Website,Home Goods,5,181.65,Australia,PayPal,908.25,0.0
11011,Tara Wells,2026-08-21,Marketplace,Apparel,2,33.06,Canada,Bank Transfer,66.12,0.0
11012,Patricia Thompson,2026-08-21,Website,Electronics,5,188.43,United States,PayPal,942.15,0.0
11013,Raymond Mcdaniel,2026-08-21,Retail Store,Electronics,4,70.81,France,Gift Card,283.24,0.0
11014,Dakota Johnson,2026-08-21,Website,Beauty,2,$253.13,Australia,Bank Transfer,506.26,0.0
11015,Renee Wilson,2026-08-21,Website,Electronics,5,241.87,France,PayPal,1209.35,0.0
11016,Holly Jenkins MD,08/21/2026,Marketplace,Beauty,2,328.13,France,Credit Card,656.26,0.0
11017,Lindsey Prince,2026-08-21,Retail Store,Electronics,2,119.75,Canada,Gift Card,239.5,0.0
11018,Fred Sanchez,2026-08-21,Website,Home Goods,2,160.06,France,Credit Card,320.12,0.0
11019,Jordan Edwards,2026-08-21,Website,Electronics,4,78.13,United Kingdom,Gift Card,312.52,0.0
11020,David Stanley Jr.,2026-08-21,Website,Home Goods,3,274.31,France,PayPal,822.93,1003.8304775921445
11021,Emily Foster,2026-08-21,Website,Electronics,1,206.88,Australia,Gift Card,206.88,0.0
11022,Brianna Ware,21-08-2026,Retail Store,Sports,3,271.85,United States,PayPal,815.55,0.0
11023,Charles Spencer,2026-08-21,Retail Store,Home Goods,4,139.92,France,Credit Card,559.68,0.0
11024,Micheal Anderson,2026-08-21,Website,Electronics,5,198.9,United States,Gift Card,994.5,0.0
11025,Victor White,2026-08-21,Website,Home Goods,5,136.6,Germany,Gift Card,683.0,0.0
11026,James Singleton,2026-08-21,Marketplace,Sports,3,120.15,United States,Bank Transfer,360.45,0.0
11027,Sarah Hunter,2026-08-21,Marketplace,Sports,3,$116.38,United Kingdom,Gift Card,349.14,0.0
11028,Raven Forbes,2026-08-21,Website,Sports,5,235.01,France,Gift Card,1175.05,0.0
11029,Colton Davis,2026-08-21,Marketplace,Home Goods,2,121.84,Canada,Bank Transfer,243.68,0.0
11030,Glenn Austin,2026-08-21,Retail Store,Beauty,3,341.41,Australia,Credit Card,1024.23,0.0
11031,Jerry Diaz,2026-08-21,Website,Apparel,1,56.52,Canada,Credit Card,56.52,0.0
11032,Kelsey Castro,2026-08-21,Website,Home Goods,5,248.41,Canada,Gift Card,1242.05,0.0
11033,Meredith Moore,2026-08-21,Marketplace,Electronics,4,259.83,United Kingdom,Bank Transfer,1039.32,0.0
11034,Paul Lucas,2026-08-21,Website,Sports,1,120.9,France,Bank Transfer,120.9,0.0
11035,Richard Davis,2026-08-21,Website,Sports,1,181.6,United States,PayPal,181.6,0.0
11036,John Parker,2026-08-21,Website,Home Goods,4,21.39,Australia,Bank Transfer,85.56,0.0
11037,Keith Reilly,"August 21, 2026",Marketplace,Home Goods,2,117.22,Canada,Bank Transfer,234.44,0.0
11038,Jerome Robinson,2026-08-21,Website,Sports,3,216.52,Australia,Credit Card,649.56,0.0
11039,Kenneth Villegas,2026-08-21,Website,Sports,4,232.38,Germany,Bank Transfer,929.52,0.0
11040,Charles Maxwell,2026-08-21,Marketplace,Beauty,2,317.28,France,Bank Transfer,634.56,0.0
11041,Michele Thomas,2026-08-21,Marketplace,Beauty,1,220.09,Australia,Credit Card,220.09,0.0
11042,Mrs. Gail Archer DDS,2026-08-21,Marketplace,Beauty,2,293.81,France,Gift Card,587.62,0.0
11043,Anna Rodriguez,2026-08-21,Website,Apparel,3,341.77,United States,PayPal,1025.31,0.0
11044,Roberto Bowen,2026-08-21,Retail Store,Electronics,3,293.85,United States,PayPal,881.55,0.0
11045,Alexander Hall,2026-08-21,Website,Home Goods,5,160.73,United Kingdom,Gift Card,803.65,0.0
11046,Michael Clarke,2026-08-21,Website,Home Goods,3,228.84,France,Gift Card,686.52,0.0
11047,Brady Lynch,2026-08-21,Website,Sports,2,44.97,Canada,Credit Card,89.94,0.0
11048,Timothy Frank,2026-08-21,Website,Electronics,5,187.73,Canada,PayPal,938.65,0.0
11049,Tina Peters,2026-08-21,Website,Sports,5,171.2,USA,PayPal,856.0,0.0
11050,Bianca Cline,2026-08-21,Website,Sports,2,135.15,France,PayPal,270.3,0.0
11051,Susan Padilla,2026-08-21,Retail Store,Electronics,1,132.97,United States,Bank Transfer,132.97,0.0
11052,Jennifer White,2026-08-21,Website,Apparel,4,58.14,Canada,PayPal,232.56,0.0
11053,Rhonda Gardner,2026-08-21,Website,Electronics,4,14.6,Australia,Bank Transfer,58.4,0.0
11054,Michael Ortega,2026-08-21,Retail Store,Home Goods,3,178.37,Canada,Gift Card,535.11,0.0
11055,Sara York,2026-08-21,Website,Electronics,3,197.12,United States,Gift Card,591.36,0.0
11056,Natalie Bautista,2026-08-21,Website,Beauty,5,324.12,Australia,Credit Card,1620.6,0.0
11057,Whitney Wilson,2026-08-21,Marketplace,Electronics,3,272.88,Australia,Gift Card,818.64,0.0
11058,Bryce Campbell,2026-08-21,Website,Beauty,2,241.45,Germany,Credit Card,482.9,0.0
11059,Andrew Mann,2026-08-21,Website,Beauty,1,224.05,Canada,Gift Card,224.05,0.0
11060,Catherine Martinez,21-08-2026,Marketplace,Home Goods,4,281.56,Germany,PayPal,1126.24,0.0
11061,Kyle Mcconnell,2026-08-21,Website,Beauty,1,271.99,Canada,Gift Card,271.99,0.0
11062,Joshua Schultz,2026-08-21,Website,Home Goods,5,119.83,Australia,Bank Transfer,599.15,0.0
11063,Justin Bell,21-08-2026,Website,Apparel,2,307.63,United Kingdom,PayPal,615.26,0.0
11064,Madeline Hill,2026-08-21,Marketplace,Home Goods,1,308.41,United Kingdom,PayPal,308.41,0.0
11065,Cathy Harris,2026-08-21,Marketplace,Apparel,4,126.81,Canada,Credit Card,507.24,368.88
11066,Jennifer Tucker,2026-08-21,Website,Apparel,5,317.87,France,PayPal,1589.35,990.14
11067,Maurice Rocha,2026-08-21,Website,Beauty,1,25.82,Australia,Credit Card,25.82,0.0
11068,Tamara Reed,21-08-2026,Marketplace,Home Goods,5,162.17,United Kingdom,PayPal,810.85,0.0
11069,Daniel Shepherd,2026-08-21,Website,Home Goods,5,$83.81,Australia,Bank Transfer,419.05,0.0
11070,David Nguyen,2026-08-21,Marketplace,Apparel,5,67.35,Germany,PayPal,336.75,0.0
11071,Randy Owen,2026-08-21,Website,Electronics,5,83.07,United Kingdom,Credit Card,415.35,0.0
11072,Alexander Curtis,"August 21, 2026",Retail Store,Electronics,5,$9.69,United States,Gift Card,48.45,30.45
11073,,2026-08-21,Marketplace,Sports,1,301.61,Australia,PayPal,301.61,0.0
11074,Cynthia Wallace,2026-08-21,Website,Beauty,5,220.66,United States,PayPal,1103.3,0.0
11075,George Day,2026-08-21,Website,Home Goods,2,145.96,Canada,Gift Card,291.92,0.0
11076,,2026-08-21,Marketplace,Apparel,3,109.02,United States,Bank Transfer,327.06,0.0
11077,Cameron Martin III,2026-08-21,Marketplace,Home Goods,3,$302.39,United Kingdom,Gift Card,907.17,0.0
11078,Robert Mclaughlin,2026-08-21,Marketplace,Apparel,1,22.59,Australia,PayPal,22.59,17.63
11079,Thomas Lopez,2026-08-21,Marketplace,Electronics,-2,55.85,Canada,PayPal,111.7,0.0
11080,Jason Lozano,2026-08-21,Website,Beauty,4,215.02,Germany,Bank Transfer,860.08,0.0
11081,Kyle Moore,2026-08-21,Website,Home Goods,3,93.93,United States,Gift Card,281.79,97.93
11082,Michael Lopez,2026-08-21,Marketplace,Beauty,2,18.87,United States,Gift Card,37.74,0.0
11083,Roberto White,2026-08-21,Website,Beauty,4,14.69,Germany,Gift Card,58.76,0.0
11084,,2026-08-21,Retail Store,Apparel,2,$322.97,Australia,Credit Card,645.94,0.0
11085,Randy Hines,2026-08-21,Website,Beauty,2,11.01,United Kingdom,Credit Card,22.02,0.0
11086,Sarah Rivera,2026-08-21,Website,Apparel,1,304.87,Canada,PayPal,304.87,0.0
11087,George Reynolds,2026-08-21,Retail Store,Apparel,5,280.77,United States,Credit Card,1403.85,0.0
11088,Emily Moore,2026-08-21,Website,Apparel,4,299.58,Germany,Bank Transfer,1198.32,0.0
11089,Kyle Huffman,2026-08-21,Website,Apparel,3,151.89,United States,Bank Transfer,455.67,0.0
11090,Jeffrey Wilkinson,"August 21, 2026",Marketplace,Home Goods,3,43.9,Germany,Bank Transfer,131.7,0.0
11091,Lindsey Payne,08/21/2026,Retail Store,Home Goods,1,328.22,France,PayPal,328.22,0.0
11092,Ryan Madden,2026-08-21,Website,Sports,1,17.64,Canada,Bank Transfer,17.64,0.0
11093,Alfred Cooper,21-08-2026,Retail Store,Apparel,2,238.93,France,Gift Card,477.86,0.0
11094,Stephen Velazquez,2026-08-21,Marketplace,Electronics,2,122.07,Canada,PayPal,244.14,0.0
11095,Mark Brooks,2026-08-21,Website,Beauty,4,$193.95,Canada,Gift Card,775.8,0.0
11096,Alison Manning,2026-08-21,Website,Electronics,2,$154.65,United Kingdom,Bank Transfer,309.3,0.0
11097,Tonya Burke,08/21/2026,Retail Store,Sports,2,167.24,France,PayPal,334.48,0.0
11098,Mrs. Christina Molina,2026-08-21,Retail Store,Sports,5,275.66,Germany,Bank Transfer,1378.3,0.0
11099,Brian Barnett,"August 21, 2026",Website,Apparel,1,$137.87,United States,Bank Transfer,137.87,23.97
11100,,2026-08-21,Website,Sports,4,218.41,United States,Gift Card,873.64,0.0
11101,Timothy Pennington,2026-08-21,Retail Store,Beauty,2,230.31,Australia,Bank Transfer,460.62,127.23
11102,Kirk Freeman,2026-08-21,Website,Home Goods,5,160.79,United Kingdom,Gift Card,803.95,988.5643002909073
11103,Joseph Fields,2026-08-21,Website,Sports,4,204.3,United Kingdom,Bank Transfer,817.2,0.0
11104,Brian Moss,2026-08-21,Website,Apparel,1,21.21,United States,PayPal,21.21,0.0
11105,Dennis Fitzgerald,08/21/2026,Marketplace,Beauty,3,59.52,United States,Bank Transfer,178.56,41.03
11106,,2026-08-21,Website,Electronics,2,131.64,United States,Credit Card,263.28,0.0
11107,Jesse Martin,2026-08-21,Website,Home Goods,4,321.07,USA,PayPal,1284.28,0.0
11108,Donald Woods,2026-08-21,Website,Sports,4,107.94,Canada,Gift Card,431.76,0.0
11109,Meghan Wilson,2026-08-21,Website,Sports,1,158.53,Australia,PayPal,158.53,0.0
11110,Lynn Mendoza,2026-08-21,Website,Electronics,5,8.04,United Kingdom,Credit Card,40.2,0.0
11111,Ryan Ortiz,2026-08-21,Website,Sports,5,209.77,United Kingdom,Credit Card,1048.85,0.0
11112,Timothy Spears,2026-08-21,Website,Apparel,4,34.89,United States,Bank Transfer,139.56,0.0
11113,Ashley Hutchinson,2026-08-21,Website,Electronics,4,26.25,Australia,Credit Card,105.0,0.0
11114,Tim Rogers,2026-08-21,Website,Home Goods,-1,214.53,United States,Bank Transfer,214.53,0.0
11115,John Vasquez,2026-08-21,Marketplace,Apparel,4,292.91,Australia,PayPal,1171.64,0.0
11116,Dr. Gina Johnson,2026-08-21,Website,Home Goods,3,$317.07,Germany,PayPal,951.21,0.0
11117,Megan Simmons,2026-08-21,Website,Apparel,2,$230.25,France,PayPal,460.5,0.0
11118,Tiffany Perez,2026-08-21,Marketplace,Home Goods,5,152.54,United States,Credit Card,762.7,0.0
11119,James Edwards,2026-08-21,Marketplace,Electronics,1,$115.94,Germany,PayPal,115.94,0.0
11120,Julie Anthony,2026-08-21,Website,Sports,5,344.59,United States,Bank Transfer,1722.95,0.0
11121,Kristi Hopkins,2026-08-21,Website,Beauty,2,260.35,United Kingdom,Gift Card,520.7,0.0
11122,Pamela Fernandez,2026-08-21,Marketplace,Apparel,1963,226.89,United Kingdom,Bank Transfer,453.78,0.0
11123,Samantha Maldonado,2026-08-21,Marketplace,Beauty,4,14.03,Australia,Gift Card,56.12,0.0
11124,Trevor Brown,2026-08-21,Retail Store,Apparel,3,43.62,Australia,Gift Card,130.86,0.0
11125,Dawn Williams,2026-08-21,Marketplace,Home Goods,2,132.12,United States,Gift Card,264.24,0.0
11126,Michael Marquez,2026-08-21,Marketplace,Electronics,5,196.99,United Kingdom,Credit Card,984.95,0.0
11127,Jessica Lewis,2026-08-21,Website,Beauty,1,258.5,Australia,Bank Transfer,258.5,51.0
11128,Mr. Christopher Lewis,2026-08-21,Website,Electronics,5,$210.08,France,Credit Card,1050.4,0.0
11129,Angela Wilson,2026-08-21,Website,Home Goods,5,214.73,France,Gift Card,1073.65,0.0
11130,Allison Hill,2026-08-21,Marketplace,Electronics,3,127.27,United Kingdom,Bank Transfer,381.81,0.0
11131,Haley Sims,21-08-2026,Marketplace,Apparel,2,149.47,Germany,Credit Card,298.94,0.0
11132,Robert Fry,2026-08-21,Website,Electronics,3,109.93,Canada,Credit Card,329.79,97.27
11133,Jessica King,08/21/2026,Website,Home Goods,4,45.57,United States,Bank Transfer,182.28,0.0
11134,Dr. Deborah Clements,2026-08-21,Website,Sports,2,147.68,Canada,Bank Transfer,295.36,0.0
11135,Joseph Rodriguez,2026-08-21,Marketplace,Electronics,3,127.7,United States,Gift Card,383.1,0.0
11136,David Travis,2026-08-21,Website,Sports,1,87.44,Australia,Gift Card,87.44,68.44
11137,Micheal Johnson,2026-08-21,Website,Sports,1,$153.83,Australia,Gift Card,153.83,0.0
11138,Laura Hudson DDS,2026-08-21,Website,Home Goods,1,105.05,France,Bank Transfer,105.05,0.0
11139,Douglas Perez,2026-08-21,Website,Beauty,1,65.78,United States,Credit Card,65.78,0.0
11140,Tracy Chen,2026-08-21,Marketplace,Beauty,4,206.85,United States,Credit Card,827.4,0.0
11141,William Perez,2026-08-21,Marketplace,Sports,1,321.89,Germany,Credit Card,321.89,0.0
11142,Michelle Calhoun,2026-08-21,Website,Sports,2,272.92,United Kingdom,Bank Transfer,545.84,0.0
11143,Kevin Thomas,2026-08-21,Retail Store,Sports,3,$249.32,Canada,Bank Transfer,747.96,0.0
11144,Jill Pierce,2026-08-21,Marketplace,Sports,2,111.95,Australia,PayPal,223.9,0.0
11145,Sarah White,2026-08-21,Website,Sports,5,328.93,France,Gift Card,1644.65,1107.61
11146,Mariah Kim,2026-08-21,Website,Apparel,4,273.78,United States,Credit Card,1095.12,204.44
11147,Jeff Robinson,2026-08-21,Website,Apparel,3,163.35,France,Gift Card,490.05,0.0
11148,Emily Nelson,08/21/2026,Website,Home Goods,1,55.39,France,Gift Card,55.39,0.0
11149,Anthony Harris,2026-08-21,Marketplace,Beauty,5,213.1,United Kingdom,Credit Card,1065.5,0.0
11150,Danielle Reynolds,"August 21, 2026",Marketplace,Apparel,1,69.62,Canada,Bank Transfer,69.62,0.0
11151,Anthony Wagner,2026-08-21,Website,Home Goods,2,119.3,United States,PayPal,238.6,0.0
11152,,2026-08-21,Retail Store,Home Goods,5,346.01,Australia,Credit Card,1730.05,0.0
11153,Elizabeth Phillips,2026-08-21,Marketplace,Sports,5,200.39,Australia,Credit Card,1001.95,0.0
11154,Heather Kennedy,2026-08-21,Website,Home Goods,5,74.41,Germany,Credit Card,372.05,169.19
11155,Brandy Shields,2026-08-21,Marketplace,Home Goods,1,114.98,France,Bank Transfer,114.98,0.0
11156,Scott Brown,2026-08-21,Marketplace,Apparel,4,294.54,United States,Bank Transfer,1178.16,0.0
11157,Julie Lopez,2026-08-21,Marketplace,Beauty,4,33.86,Germany,Gift Card,135.44,0.0
11158,Douglas Butler,2026-08-21,Retail Store,Beauty,1,96.74,France,PayPal,96.74,0.0
11159,Christy Hampton,2026-08-21,Retail Store,Apparel,4,95.42,Germany,Credit Card,381.68,0.0
11160,Christopher Peterson,2026-08-21,Website,Sports,5,87.24,United Kingdom,Gift Card,436.2,0.0
11161,Adriana Avila,2026-08-21,Website,Sports,3,143.4,US,Credit Card,430.2,0.0
11162,Ryan Reynolds,2026-08-21,Website,Electronics,1,298.77,Australia,Bank Transfer,298.77,0.0
11163,Donald Brown,2026-08-21,Website,Beauty,-5,240.29,Germany,Credit Card,1201.45,0.0
11164,Michelle Alvarez,2026-08-21,Website,Sports,3,$320.92,France,Gift Card,962.76,642.81
11165,Victoria Johnson,2026-08-21,Website,Apparel,4,175.31,Germany,Credit Card,701.24,0.0
11166,Timothy Tran,"August 21, 2026",Marketplace,Sports,4,262.46,Canada,Bank Transfer,1049.84,108.28
11167,Carol Peters,2026-08-21,Website,Sports,5,231.18,France,Bank Transfer,1155.9,0.0
11168,Alicia Jackson,08/21/2026,Website,Apparel,4,107.13,United States,Bank Transfer,428.52,0.0
11169,Kaitlyn Barker,2026-08-21,Marketplace,Sports,1,349.3,USA,Credit Card,349.3,0.0
11170,Bryan Wilson,2026-08-21,Marketplace,Beauty,3,276.97,United States,Gift Card,830.91,0.0
11171,Danielle Hall,2026-08-21,Website,Beauty,1,17.05,United States,Credit Card,17.05,0.0
11172,Michael Kirk,2026-08-21,Marketplace,Electronics,1,337.91,France,Credit Card,337.91,166.73
11173,George Kelley,2026-08-21,Website,Electronics,3,135.18,Canada,PayPal,405.54,0.0
11174,Brenda King,2026-08-21,Website,Home Goods,4,176.79,France,Credit Card,707.16,0.0
11175,Anthony Hester,2026-08-21,Website,Sports,5,99.91,Canada,PayPal,499.55,0.0
11176,Jerry Burns,2026-08-21,Website,Electronics,5,96.93,France,Bank Transfer,484.65,0.0
11177,Randy Schultz,2026-08-21,Marketplace,Sports,2,258.86,United States,Bank Transfer,517.72,0.0
11178,Charles Smith,2026-08-21,Retail Store,Apparel,3,34.55,United Kingdom,PayPal,103.65,0.0
11179,Christopher Russell,21-08-2026,Marketplace,Apparel,4,298.16,Germany,PayPal,1192.64,0.0
11180,Kenneth Price,2026-08-21,Retail Store,Apparel,2,19.6,Australia,Credit Card,39.2,0.0
11181,Cynthia Alvarez,2026-08-21,Website,Home Goods,3,34.59,Germany,Gift Card,103.77,0.0
11182,Jeffrey Murphy,2026-08-21,Website,Sports,1,54.78,United Kingdom,Bank Transfer,54.78,0.0
11183,Garrett Delgado,2026-08-21,Retail Store,Home Goods,5,133.35,Canada,Bank Transfer,666.75,0.0
11184,Tyler Clark,2026-08-21,Marketplace,Sports,1,131.87,Germany,Credit Card,131.87,0.0
11185,Lisa Dixon,2026-08-21,Marketplace,Home Goods,1,233.7,Canada,Bank Transfer,233.7,0.0
11186,Jessica Carroll,2026-08-21,Marketplace,Sports,5,222.25,France,Bank Transfer,1111.25,0.0
11187,Kenneth Herrera,2026-08-21,Website,Sports,1,198.73,Canada,PayPal,198.73,0.0
11188,Alyssa Hall,2026-08-21,Website,Electronics,3,67.58,Germany,Bank Transfer,202.74,0.0
11189,,2026-08-21,Website,Sports,4,92.14,Germany,Gift Card,368.56,0.0
11190,Dr. Timothy Solis,2026-08-21,Retail Store,Apparel,5,$256.48,Australia,PayPal,1282.4,0.0
11191,Tina Soto,2026-08-21,Website,Electronics,5,247.7,Germany,PayPal,1238.5,0.0
11192,Michael Rasmussen,2026-08-21,Retail Store,Apparel,1,316.16,United Kingdom,PayPal,316.16,0.0
11193,Nina Brown,2026-08-21,Website,Beauty,1,151.66,Germany,Credit Card,151.66,0.0
11194,Adam Orozco,2026-08-21,Marketplace,Electronics,4,267.03,Australia,Gift Card,1068.12,0.0
11195,Angelica Douglas,2026-08-21,Website,Electronics,3,231.72,Germany,Bank Transfer,695.16,0.0
11196,Susan Price,2026-08-21,Website,Electronics,1,107.93,Australia,PayPal,107.93,0.0
11197,Lisa Duarte,2026-08-21,Marketplace,Electronics,5,$124.02,France,Credit Card,620.1,0.0
11198,Dustin Jackson,2026-08-21,Marketplace,Home Goods,3,291.69,US,Credit Card,875.07,0.0
11199,Samantha Hardy,2026-08-21,Marketplace,Electronics,4,248.22,United States,Gift Card,992.88,0.0
11200,Elizabeth Sheppard,2026-08-21,Marketplace,Beauty,5,$275.47,Australia,PayPal,1377.35,0.0
11201,Audrey Riggs,2026-08-21,Marketplace,Apparel,4,323.17,United States,PayPal,1292.68,0.0
11202,Bobby Prince,21-08-2026,Marketplace,Apparel,5,183.21,United Kingdom,Credit Card,916.05,768.3
11203,Julie Cummings,2026-08-21,Website,Apparel,1,112.51,France,Credit Card,112.51,0.0
11204,Brian Medina,08/21/2026,Retail Store,Beauty,-4,210.84,United Kingdom,Bank Transfer,843.36,0.0
11205,,2026-08-21,Website,Apparel,3,218.86,France,Gift Card,656.58,0.0
11206,Kristy Mcbride DVM,2026-08-21,Website,Apparel,4,42.97,United Kingdom,Credit Card,171.88,0.0
11207,Daniel Bautista,2026-08-21,Retail Store,Apparel,3,71.71,United Kingdom,Credit Card,215.13,0.0
11208,Andrew David,2026-08-21,Website,Apparel,4,306.71,Germany,PayPal,1226.84,0.0
11209,Teresa Pierce,2026-08-21,Website,Apparel,4,232.61,France,PayPal,930.44,0.0
11210,Holly Rios,2026-08-21,Marketplace,Electronics,4,184.01,Australia,PayPal,736.04,0.0
11211,Brandon Williams,2026-08-21,Marketplace,Apparel,-1,197.98,United States,Credit Card,197.98,0.0
11212,Kimberly Johnson,2026-08-21,Website,Sports,5,245.63,Germany,Credit Card,1228.15,0.0
11213,Robert Fowler,2026-08-21,Website,Electronics,5,135.85,Germany,Credit Card,679.25,0.0
11214,Nathaniel Clark,2026-08-21,Marketplace,Home Goods,1,333.84,United Kingdom,Credit Card,333.84,0.0
11215,Jerry Baker,2026-08-21,Marketplace,Home Goods,5,49.67,United Kingdom,Gift Card,248.35,0.0
11216,Vincent Harris,2026-08-21,Marketplace,Home Goods,3,86.17,Australia,Credit Card,258.51,0.0
11217,Norma Pace,2026-08-21,Website,Sports,3,196.85,Germany,Gift Card,590.55,0.0
11218,Joanna Lester,2026-08-21,Marketplace,Electronics,2,74.14,United States,PayPal,148.28,0.0
11219,Kathleen Yang,08/21/2026,Marketplace,Home Goods,2,92.56,United Kingdom,Bank Transfer,185.12,93.3
11220,David Fitzpatrick,2026-08-21,Retail Store,Beauty,5,269.36,United States,PayPal,1346.8,0.0
11221,Laura Wilson,2026-08-21,Marketplace,Beauty,4,320.31,Germany,PayPal,1281.24,0.0
11222,Lee Galvan,2026-08-21,Marketplace,Home Goods,2,164.77,Germany,Bank Transfer,329.54,0.0
11223,Marissa Andrews,2026-08-21,Marketplace,Home Goods,2,51.22,France,PayPal,102.44,0.0
11224,Deborah Raymond,2026-08-21,Retail Store,Sports,5,51.96,United States,Gift Card,259.8,0.0
11225,Sandra Stewart,2026-08-21,Website,Electronics,3,169.49,United States,Bank Transfer,508.47,0.0
11226,Sarah Mccarty,21-08-2026,Marketplace,Sports,1,31.29,Germany,PayPal,31.29,22.52
11227,Lee Guerra,2026-08-21,Marketplace,Electronics,3,273.61,Canada,Gift Card,820.83,0.0
11228,Christine Turner,2026-08-21,Marketplace,Apparel,5,203.39,Canada,Credit Card,1016.95,0.0
11229,Elaine Hodges,2026-08-21,Website,Electronics,2,214.02,France,Gift Card,428.04,74.1
11230,Charles Long,2026-08-21,Website,Apparel,1,19.85,France,PayPal,19.85,0.0
11231,Sarah Robinson,2026-08-21,Retail Store,Home Goods,2,161.56,Australia,Credit Card,323.12,0.0
11232,Joshua Wilson,2026-08-21,Marketplace,Beauty,3,$315.89,United Kingdom,Credit Card,947.67,0.0
11233,Dr. Jeffery Ellis,2026-08-21,Website,Home Goods,3,303.66,United States,Bank Transfer,910.98,0.0
11234,Matthew Reynolds,2026-08-21,Website,Apparel,5,223.73,United States,PayPal,1118.65,0.0
11235,Monica Robinson,2026-08-21,Marketplace,Apparel,4,137.05,Germany,PayPal,548.2,427.06
11236,Jennifer Barrett,2026-08-21,Retail Store,Electronics,4,157.39,France,Credit Card,629.56,0.0
11237,Matthew Martin,2026-08-21,Website,Electronics,5,191.74,France,Bank Transfer,958.7,0.0
11238,Michael Ball,2026-08-21,Website,Sports,5,66.35,France,Gift Card,331.75,0.0
11239,Ricardo Wood,2026-08-21,Website,Home Goods,3,243.37,Germany,Gift Card,730.11,368.82
11240,William Baker,2026-08-21,Website,Beauty,1,228.5,Germany,PayPal,228.5,0.0
11241,Alicia Johnson,2026-08-21,Website,Electronics,-5,83.43,Canada,Credit Card,417.15,0.0
11242,Deborah Douglas,2026-08-21,Website,Electronics,1,13.84,Canada,PayPal,13.84,9.33
11243,Daniel Ramirez,2026-08-21,Marketplace,Sports,3,21.11,France,PayPal,63.33,0.0
11244,Nicholas Snow,2026-08-21,Marketplace,Apparel,3,$314.72,United States,Gift Card,944.16,0.0
11245,,2026-08-21,Website,Home Goods,5,197.75,Australia,PayPal,988.75,0.0
11246,James Howell,2026-08-21,Retail Store,Sports,3,229.94,United States,Credit Card,689.82,0.0
11247,Tammie Duran,2026-08-21,Website,Sports,2,337.13,Germany,Gift Card,674.26,0.0
11248,Holly Morales,2026-08-21,Website,Home Goods,4,$140.46,Germany,Credit Card,561.84,0.0
11249,Robert Howard,2026-08-21,Marketplace,Sports,3,237.08,Australia,PayPal,711.24,0.0
11250,Mary Pugh,2026-08-21,Website,Sports,5,346.85,United States,Bank Transfer,1734.25,0.0
11251,Amanda Peterson,08/21/2026,Website,Sports,1,158.23,Canada,Bank Transfer,158.23,0.0
11252,Diane Riley,2026-08-21,Retail Store,Electronics,3,210.51,Australia,Gift Card,631.53,0.0
11253,Tyler Cooper,08/21/2026,Marketplace,Electronics,3,347.04,France,Bank Transfer,1041.12,0.0
11254,Cheryl Powers,2026-08-21,Marketplace,Apparel,3,161.75,Canada,Bank Transfer,485.25,0.0
11255,Shannon Weaver,2026-08-21,Website,Sports,2,100.04,Germany,PayPal,200.08,0.0
11256,Karen Johnson,2026-08-21,Marketplace,Home Goods,1,262.81,United Kingdom,Gift Card,262.81,74.79
11257,Brian Jensen,2026-08-21,Website,Home Goods,1,$20.83,Germany,Credit Card,20.83,0.0
11258,Peter Cobb,"August 21, 2026",Website,Sports,4,137.49,Canada,Credit Card,549.96,0.0
11259,Andrew Hernandez,2026-08-21,Marketplace,Apparel,4,94.0,Australia,PayPal,376.0,0.0
11260,Donna Lee,2026-08-21,Marketplace,Apparel,4,311.1,United States,Credit Card,1244.4,0.0
11261,Nicole Bryant,2026-08-21,Website,Sports,2,54.15,United States,Credit Card,108.3,66.03
11262,Gary Robinson,2026-08-21,Website,Apparel,3,57.03,United States,Gift Card,171.09,0.0
11263,Laurie Brown,2026-08-21,Website,Sports,3,325.02,France,Bank Transfer,975.06,0.0
11264,Heidi Hebert,2026-08-21,Retail Store,Apparel,1,205.53,United Kingdom,Credit Card,205.53,0.0
11265,Kyle Valdez,2026-08-21,Retail Store,Sports,5,214.32,France,Gift Card,1071.6,0.0
11266,Katherine Bass,2026-08-21,Marketplace,Electronics,3,$202.22,United Kingdom,Credit Card,606.66,520.69
11267,Alexander Allen,21-08-2026,Website,Electronics,1,52.32,Australia,Bank Transfer,52.32,0.0
11268,Jennifer Larson,2026-08-21,Website,Apparel,4,294.49,USA,Credit Card,1177.96,0.0
11269,Ronald Berry,2026-08-21,Website,Home Goods,3,78.55,Germany,Credit Card,235.65,23.57
11270,Autumn Nixon,21-08-2026,Marketplace,Apparel,5,316.51,Australia,Credit Card,1582.55,0.0
11271,Cameron Harper,"August 21, 2026",Website,Apparel,3,$317.95,Germany,Bank Transfer,953.85,129.52
11272,,08/21/2026,Website,Home Goods,5,52.54,United Kingdom,Bank Transfer,262.7,0.0
11273,Michael Black,2026-08-21,Website,Apparel,2,21.0,Canada,PayPal,42.0,0.0
11274,Crystal Robertson,2026-08-21,Marketplace,Sports,3,$10.25,United States,Credit Card,30.75,0.0
11275,Todd Walker,2026-08-21,Website,Apparel,1,235.23,Canada,Gift Card,235.23,0.0
11276,Suzanne Gordon,"August 21, 2026",Retail Store,Electronics,3,228.65,United Kingdom,Credit Card,685.95,0.0
11277,Caitlyn Chen,2026-08-21,Website,Home Goods,5,33.01,Germany,PayPal,165.05,0.0
11278,Aaron Green,2026-08-21,Website,Electronics,4,187.45,Germany,Credit Card,749.8,0.0
11279,Christopher Jimenez Jr.,2026-08-21,Marketplace,Apparel,4,216.21,United Kingdom,Gift Card,864.84,0.0
11280,Chris Moore,08/21/2026,Website,Apparel,5,237.91,Australia,Gift Card,1189.55,0.0
11281,John Romero,2026-08-21,Marketplace,Electronics,4,11.6,Germany,PayPal,46.4,0.0
11282,,2026-08-21,Marketplace,Beauty,3,$235.53,Germany,Gift Card,706.59,0.0
11283,James Fox,2026-08-21,Website,Home Goods,4,163.58,United Kingdom,PayPal,654.32,0.0
11284,Ronald Turner,2026-08-21,Website,Beauty,2,145.19,United States,Credit Card,290.38,0.0
11285,Jon May,2026-08-21,Marketplace,Home Goods,5,$226.3,United Kingdom,Gift Card,1131.5,0.0
11286,Shari Parsons,2026-08-21,Website,Beauty,1,267.11,Germany,PayPal,267.11,0.0
11287,Nancy Peters,2026-08-21,Retail Store,Home Goods,5,$102.35,United States,Bank Transfer,511.75,0.0
11288,Victor Jordan,2026-08-21,Website,Sports,1,237.56,United Kingdom,Bank Transfer,237.56,303.68478815081596
11289,Caitlin Dodson,2026-08-21,Website,Sports,3,40.95,United Kingdom,Credit Card,122.85,0.0
11290,Ashley Knight,2026-08-21,Marketplace,Electronics,2,52.78,Canada,Credit Card,105.56,0.0
11291,Theresa Simpson,2026-08-21,Website,Home Goods,5,167.18,France,PayPal,835.9,0.0
11292,Eric Sanchez,2026-08-21,Retail Store,Sports,2,57.27,United Kingdom,Bank Transfer,114.54,0.0
11293,David Stanley,2026-08-21,Website,Electronics,4,213.63,Australia,Credit Card,854.52,310.76
11294,,"August 21, 2026",Website,Apparel,1,180.46,France,PayPal,180.46,0.0
11295,Blake Griffin,2026-08-21,Website,Electronics,4,315.39,Australia,Bank Transfer,1261.56,0.0
11296,Samantha Davis,2026-08-21,Website,Apparel,4,248.15,USA,Gift Card,992.6,1448.4395978715588
11297,Shawn Morse,2026-08-21,Retail Store,Sports,5,97.03,Australia,Gift Card,485.15,0.0
11298,Chase Sanders,21-08-2026,Website,Sports,2,336.05,Canada,Gift Card,672.1,0.0
11299,Gregory Cruz,2026-08-21,Website,Sports,1,286.09,United Kingdom,Credit Card,286.09,0.0
11300,Kimberly Williams,2026-08-21,Marketplace,Beauty,2,95.42,United Kingdom,Gift Card,190.84,0.0
11301,Melissa Campos,2026-08-21,Marketplace,Electronics,3,327.84,United States,PayPal,983.52,0.0
11302,Kristin Scott,2026-08-21,Marketplace,Beauty,1,330.04,France,Bank Transfer,330.04,82.69
11303,Brent Thomas,2026-08-21,Website,Home Goods,4,44.63,Canada,Gift Card,178.52,0.0
11304,Robert Robinson DVM,2026-08-21,Website,Sports,5,243.33,United Kingdom,Bank Transfer,1216.65,1448.36315660784
11305,Katie Dunn,2026-08-21,Retail Store,Home Goods,3,217.91,United Kingdom,Credit Card,653.73,0.0
11306,Daisy Colon,2026-08-21,Retail Store,Sports,2,346.88,France,Bank Transfer,693.76,0.0
11307,Tyler Crawford,2026-08-21,Website,Sports,1,328.17,Germany,PayPal,328.17,0.0
11308,Shawn Rivers,2026-08-21,Retail Store,Electronics,3,255.74,Germany,Gift Card,767.22,0.0
11309,Amanda Clark,2026-08-21,Website,Electronics,1,279.54,United States,PayPal,279.54,0.0
11310,James Murray,2026-08-21,Marketplace,Home Goods,5,187.91,Australia,Gift Card,939.55,0.0
11311,Michael Newton,2026-08-21,Retail Store,Electronics,1,331.99,Australia,Gift Card,331.99,0.0
11312,Christine Matthews,2026-08-21,Marketplace,Electronics,4,237.62,United Kingdom,Credit Card,950.48,0.0
11313,Sara Harrell,2026-08-21,Marketplace,Electronics,2,104.61,France,Bank Transfer,209.22,0.0
11314,Sarah Johnson,2026-08-21,Website,Electronics,5,314.66,France,Bank Transfer,1573.3,0.0
11315,Linda Johnson,21-08-2026,Marketplace,Beauty,3,348.62,France,Credit Card,1045.86,0.0
11316,Chloe Lynch,2026-08-21,Marketplace,Home Goods,5,125.09,United Kingdom,Gift Card,625.45,0.0
11317,Michelle Walters,08/21/2026,Marketplace,Home Goods,3,134.32,United Kingdom,PayPal,402.96,0.0
11318,Kathy Ward,21-08-2026,Marketplace,Sports,1,155.85,France,PayPal,155.85,0.0
11319,Bobby Cook,2026-08-21,Website,Electronics,2,310.77,Germany,Credit Card,621.54,0.0
11320,Nicholas Hahn,2026-08-21,Marketplace,Sports,3,165.01,United Kingdom,Bank Transfer,495.03,0.0
11321,Joel Wallace,2026-08-21,Website,Electronics,1,108.31,United States,Bank Transfer,108.31,0.0
11322,Christine Martinez,2026-08-21,Marketplace,Home Goods,2,239.18,USA,Credit Card,478.36,0.0
11323,Mary Richards,2026-08-21,Website,Beauty,1,9.76,United Kingdom,Gift Card,9.76,0.0
11324,Gail Zuniga,2026-08-21,Marketplace,Sports,1,221.84,United States,PayPal,221.84,0.0
11325,Ruben Carey,21-08-2026,Website,Beauty,5,170.45,France,Gift Card,852.25,0.0
11326,,"August 21, 2026",Marketplace,Beauty,3,260.23,Canada,Credit Card,780.69,109.2
11327,,2026-08-21,Website,Home Goods,2,310.58,Germany,Bank Transfer,621.16,0.0
11328,David Garcia,2026-08-21,Website,Apparel,4,119.58,Canada,Gift Card,478.32,0.0
11329,Hannah Tran,2026-08-21,Website,Electronics,4,19.47,United States,Credit Card,77.88,0.0
11330,Joseph Taylor,2026-08-21,Website,Apparel,5,45.95,Canada,PayPal,229.75,0.0
11331,Marcus Shannon,2026-08-21,Retail Store,Apparel,1,59.54,United States,PayPal,59.54,0.0
11332,Michael Brown,2026-08-21,Website,Beauty,1,$326.0,Germany,PayPal,326.0,0.0
11333,Christian Johnston,2026-08-21,Marketplace,Apparel,5,303.24,Canada,Credit Card,1516.2,0.0
11334,Belinda Lewis,2026-08-21,Website,Apparel,1,95.27,France,Bank Transfer,95.27,0.0
11335,John Ayala,2026-08-21,Website,Apparel,3,221.71,France,Credit Card,665.13,0.0
11336,Brenda Jensen,2026-08-21,Website,Electronics,4,$154.79,Canada,PayPal,619.16,0.0
11337,Jeremy French Jr.,2026-08-21,Website,Sports,4,168.84,United States,Gift Card,675.36,0.0
11338,Danny Hill,2026-08-21,Website,Sports,4,283.46,Canada,Gift Card,1133.84,0.0
11339,Christina Blackburn,08/21/2026,Website,Apparel,4,79.07,Germany,Bank Transfer,316.28,0.0
11340,Patrick Reese,2026-08-21,Website,Apparel,5,343.85,Canada,Credit Card,1719.25,0.0
11341,Dominique Griffin,2026-08-21,Marketplace,Sports,4,161.27,Canada,Gift Card,645.08,0.0
11342,Margaret Russell,2026-08-21,Website,Sports,4,296.7,United Kingdom,Gift Card,1186.8,0.0
11343,Mark Logan,2026-08-21,Retail Store,Beauty,4,119.48,Australia,Credit Card,477.92,0.0
11344,Scott Jones,2026-08-21,Website,Home Goods,3,200.32,Australia,PayPal,600.96,0.0
11345,Tammie Martinez,2026-08-21,Retail Store,Electronics,5,37.4,Canada,Gift Card,187.0,0.0
11346,Julie Walker,2026-08-21,Website,Home Goods,5,175.38,Australia,Gift Card,876.9,0.0
11347,Christopher Smith,2026-08-21,Retail Store,Apparel,3,108.26,Canada,Gift Card,324.78,0.0
11348,Pamela Davis,2026-08-21,Website,Apparel,1,$137.83,Australia,Bank Transfer,137.83,0.0
11349,Bruce Moreno,2026-08-21,Website,Beauty,2,296.03,Australia,Bank Transfer,592.06,0.0
11350,Zachary Turner,2026-08-21,Website,Sports,4,336.48,France,PayPal,1345.92,0.0
11351,Lisa Fischer,2026-08-21,Marketplace,Apparel,3,63.28,Germany,Credit Card,189.84,0.0
11352,,2026-08-21,Website,Home Goods,5,284.88,United States,Credit Card,1424.4,0.0
11353,Lisa Brown,2026-08-21,Website,Home Goods,3,298.99,Germany,PayPal,896.97,589.36
11354,Rhonda Benson,2026-08-21,Marketplace,Beauty,1172,230.84,France,Bank Transfer,230.84,0.0
11355,Dennis Lowery,2026-08-21,Website,Electronics,1,130.84,Australia,Bank Transfer,130.84,0.0
11356,Eileen Thompson,2026-08-21,Website,Electronics,1,258.37,United States,Credit Card,258.37,0.0
11357,Anthony Sexton,2026-08-21,Website,Beauty,3,9.92,Germany,Credit Card,29.76,0.0
11358,Samuel Quinn,2026-08-21,Website,Apparel,2,12.77,Australia,Credit Card,25.54,6.64
11359,Vincent Scott,2026-08-21,Retail Store,Beauty,3,56.56,United Kingdom,Bank Transfer,169.68,0.0
11360,Jennifer Jensen,2026-08-21,Website,Apparel,4,329.74,Canada,PayPal,1318.96,0.0
11361,Regina Bell,2026-08-21,Website,Electronics,1,$42.97,Canada,Credit Card,42.97,0.0
11362,Michael Lopez MD,2026-08-21,Marketplace,Apparel,2,154.33,Canada,Credit Card,308.66,0.0
11363,Steven Frank,2026-08-21,Retail Store,Beauty,4,116.31,Germany,PayPal,465.24,0.0
11364,Victor Henderson,2026-08-21,Website,Apparel,4,344.11,Germany,Bank Transfer,1376.44,0.0
11365,Nicholas Simmons,2026-08-21,Website,Apparel,3,48.76,Canada,PayPal,146.28,0.0
11366,Kevin Page,2026-08-21,Retail Store,Home Goods,-5,263.85,Germany,Credit Card,1319.25,0.0
11367,Alejandra Cox,2026-08-21,Website,Electronics,4,138.07,Australia,PayPal,552.28,0.0
11368,Russell Bennett,"August 21, 2026",Website,Electronics,1,306.35,United Kingdom,Gift Card,306.35,0.0
11369,Theresa Brown,2026-08-21,Website,Beauty,4,177.97,United Kingdom,Credit Card,711.88,891.9424443745461
11370,Patrick Leon,2026-08-21,Marketplace,Apparel,2,122.9,Germany,Credit Card,245.8,0.0
11371,Danielle Hopkins,2026-08-21,Website,Home Goods,3,326.06,France,Gift Card,978.18,0.0
11372,Travis Reynolds,2026-08-21,Marketplace,Sports,3,337.71,France,Credit Card,1013.13,0.0
11373,Shirley Davis,2026-08-21,Website,Sports,3,238.54,United States,Bank Transfer,715.62,0.0
11374,Tara Johnson,2026-08-21,Website,Home Goods,5,245.67,Germany,PayPal,1228.35,0.0
11375,Laurie Harris,2026-08-21,Website,Home Goods,2,69.63,France,Bank Transfer,139.26,0.0
11376,Victoria Dunn,2026-08-21,Retail Store,Apparel,5,29.34,Canada,Credit Card,146.7,101.34
11377,Michael Munoz,2026-08-21,Website,Apparel,5,224.42,France,Bank Transfer,1122.1,1552.0149805178405
11378,Michael Shaw,2026-08-21,Website,Electronics,2,150.51,Germany,PayPal,301.02,0.0
11379,Angela Clements,2026-08-21,Website,Sports,2,178.9,Australia,PayPal,357.8,0.0
11380,Misty Foster,2026-08-21,Marketplace,Home Goods,-1,290.43,Canada,Bank Transfer,290.43,0.0
11381,Frank Reese,2026-08-21,Website,Apparel,2,168.22,Canada,Bank Transfer,336.44,223.74
11382,Nicole Bowen,2026-08-21,Website,Beauty,2,302.25,United States,Gift Card,604.5,0.0
11383,Stephen Myers,2026-08-21,Website,Sports,4,142.24,Australia,PayPal,568.96,0.0
11384,Aaron Anderson,2026-08-21,Website,Sports,1,319.62,France,Bank Transfer,319.62,0.0
11385,John Hernandez,2026-08-21,Website,Beauty,2,181.54,Germany,Gift Card,363.08,0.0
11386,Patrick Walker,2026-08-21,Website,Beauty,3,99.29,United States,Bank Transfer,297.87,0.0
11387,George Bartlett,2026-08-21,Website,Beauty,2,77.72,Australia,Bank Transfer,155.44,0.0
11388,Russell Ray,"August 21, 2026",Website,Sports,5,35.28,Canada,Bank Transfer,176.4,0.0
11389,Jackson Colon,"August 21, 2026",Website,Home Goods,4,248.72,Canada,Credit Card,994.88,0.0
11390,Jake Byrd,2026-08-21,Website,Beauty,5,$117.67,U.K.,Bank Transfer,588.35,0.0
11391,Nicole Johnson,2026-08-21,Retail Store,Apparel,2,125.32,United States,Bank Transfer,250.64,0.0
11392,Gabriel Dyer,2026-08-21,Website,Electronics,2,232.42,Canada,Bank Transfer,464.84,0.0
11393,Dawn Gill,2026-08-21,Marketplace,Sports,1,345.37,Canada,Credit Card,345.37,95.75
11394,Kristin Green,2026-08-21,Retail Store,Apparel,5,151.6,France,Gift Card,758.0,0.0
11395,Carla Washington,2026-08-21,Marketplace,Home Goods,4,120.52,Canada,Bank Transfer,482.08,211.62
11396,Christian Hampton,2026-08-21,Marketplace,Beauty,-5,186.1,United States,PayPal,930.5,0.0
11397,Valerie Serrano,2026-08-21,Marketplace,Electronics,4,68.43,Australia,Gift Card,273.72,0.0
11398,Mary Nguyen,2026-08-21,Marketplace,Apparel,4,185.43,United Kingdom,Gift Card,741.72,0.0
11399,Kimberly Donovan,2026-08-21,Website,Sports,3,300.21,United Kingdom,Credit Card,900.63,0.0
11400,Susan Wagner,2026-08-21,Website,Electronics,1,44.81,Canada,Gift Card,44.81,0.0
11401,Frederick Anderson,08/21/2026,Website,Beauty,5,80.07,Canada,Gift Card,400.35,0.0
11402,John Blanchard,2026-08-21,Website,Apparel,1,130.28,Australia,PayPal,130.28,0.0
11403,Michele Luna,"August 21, 2026",Marketplace,Home Goods,2,125.17,Australia,Gift Card,250.34,0.0
11404,Aaron Holmes,2026-08-21,Marketplace,Apparel,4,$125.97,France,Bank Transfer,503.88,0.0
11405,Wendy Ewing,2026-08-21,Website,Beauty,1,96.45,Germany,PayPal,96.45,0.0
11406,Eric Gonzalez,2026-08-21,Marketplace,Apparel,4,$329.46,Canada,Gift Card,1317.84,0.0
11407,Casey Christensen,2026-08-21,Website,Apparel,-1,32.13,France,Gift Card,32.13,21.61
11408,Nancy Roth,2026-08-21,Website,Electronics,5,192.16,United Kingdom,Gift Card,960.8,0.0
11409,Austin Maddox,2026-08-21,Website,Apparel,5,140.05,United States,Gift Card,700.25,0.0
11410,Thomas King,2026-08-21,Retail Store,Home Goods,2,$274.72,Germany,Credit Card,549.44,0.0
11411,Rebecca York,2026-08-21,Website,Apparel,2,172.96,Germany,Gift Card,345.92,0.0
11412,Joshua Smith,21-08-2026,Website,Apparel,4,237.26,Germany,PayPal,949.04,0.0
11413,Melissa Wheeler,2026-08-21,Website,Home Goods,5,253.27,United States,Credit Card,1266.35,0.0
11414,Anna King,2026-08-21,Website,Apparel,5,58.34,France,Gift Card,291.7,0.0
11415,Katherine Lyons,2026-08-21,Website,Electronics,3,325.79,USA,Bank Transfer,977.37,0.0
11416,Jessica Shaffer,2026-08-21,Retail Store,Beauty,1,237.88,Germany,Gift Card,237.88,0.0
11417,Melissa Thomas,2026-08-21,Website,Beauty,4,107.61,United Kingdom,Gift Card,430.44,0.0
11418,Richard Scott,2026-08-21,Marketplace,Apparel,2,$75.66,Canada,PayPal,151.32,0.0
11419,Jessica Reyes,2026-08-21,Website,Apparel,4,98.64,United Kingdom,Bank Transfer,394.56,0.0
11420,James Anderson,2026-08-21,Marketplace,Home Goods,2,136.81,Germany,Credit Card,273.62,0.0
11421,Carol Martin,2026-08-21,Marketplace,Electronics,2,325.79,UK,PayPal,651.58,0.0
11422,Elizabeth Phelps,2026-08-21,Marketplace,Apparel,4,$110.42,United States,Bank Transfer,441.68,0.0
11423,Jerry Riley,2026-08-21,Retail Store,Sports,2,326.18,Australia,Gift Card,652.36,0.0
11424,Dana Smith,2026-08-21,Marketplace,Apparel,4,164.37,U.K.,PayPal,657.48,0.0
11425,Richard Boyd,2026-08-21,Website,Apparel,1,198.48,Australia,PayPal,198.48,0.0
11426,Gabriella Gardner,2026-08-21,Website,Home Goods,3,60.53,France,PayPal,181.59,0.0
11427,Michael Pope,2026-08-21,Marketplace,Electronics,5,336.31,France,Bank Transfer,1681.55,2283.3293520642455
11428,Jennifer Yates,2026-08-21,Marketplace,Apparel,5,$22.22,France,PayPal,111.1,0.0
11429,Anthony Holder,2026-08-21,Retail Store,Apparel,1,252.25,Germany,Bank Transfer,252.25,0.0
11430,Matthew Day,2026-08-21,Website,Beauty,-5,260.5,Canada,PayPal,1302.5,0.0
11431,Regina Price,2026-08-21,Website,Home Goods,4,65.59,United Kingdom,PayPal,262.36,187.62
11432,Crystal Kelly,2026-08-21,Marketplace,Beauty,1,326.34,Canada,Bank Transfer,326.34,0.0
11433,Timothy Myers,"August 21, 2026",Website,Apparel,4,172.31,Germany,Credit Card,689.24,0.0
11434,Joanne Cline,2026-08-21,Marketplace,Electronics,3,24.66,Canada,Gift Card,73.98,100.25397267453656
11435,Raymond Salas,2026-08-21,Website,Beauty,3,94.91,Germany,Credit Card,284.73,0.0
11436,Beverly Padilla,2026-08-21,Website,Sports,1343,344.76,France,PayPal,344.76,0.0
11437,Ryan Jordan,2026-08-21,Marketplace,Sports,2,70.77,France,Bank Transfer,141.54,62.03
11438,Tammie David,2026-08-21,Website,Electronics,2,15.6,Germany,PayPal,31.2,0.0
11439,Jessica Robinson,2026-08-21,Website,Home Goods,3,152.76,Germany,Bank Transfer,458.28,0.0
11440,Nicole Massey,08/21/2026,Website,Apparel,1,333.67,France,PayPal,333.67,0.0
11441,Alicia Taylor,2026-08-21,Retail Store,Beauty,3,86.97,United Kingdom,Bank Transfer,260.91,0.0
11442,Jessica Jenkins,2026-08-21,Marketplace,Home Goods,2,342.76,France,Bank Transfer,685.52,0.0
11443,Mary Kent,2026-08-21,Marketplace,Home Goods,2,$307.0,United States,Bank Transfer,614.0,0.0
11444,Alyssa Hartman,2026-08-21,Website,Sports,2,302.34,Canada,Bank Transfer,604.68,0.0
11445,,2026-08-21,Retail Store,Electronics,5,208.14,Germany,Gift Card,1040.7,0.0
11446,Daniel Mclaughlin,2026-08-21,Website,Beauty,2,103.85,Canada,Bank Transfer,207.7,0.0
11447,Mr. Jason Morgan,2026-08-21,Marketplace,Home Goods,4,212.21,Australia,PayPal,848.84,0.0
11448,David Torres,2026-08-21,Website,Sports,4,310.85,United Kingdom,Credit Card,1243.4,0.0
11449,Angela Fox,08/21/2026,Marketplace,Home Goods,5,129.97,France,PayPal,649.85,0.0
11450,Nicholas Juarez,2026-08-21,Website,Electronics,3,146.01,Australia,Credit Card,438.03,0.0
11451,Billy Montgomery,2026-08-21,Website,Beauty,3,$133.53,Australia,Gift Card,400.59,0.0
11452,Misty Black,2026-08-21,Retail Store,Home Goods,5,30.34,Germany,Gift Card,151.7,0.0
11453,William Juarez,2026-08-21,Website,Apparel,5,273.99,Australia,PayPal,1369.95,0.0
11454,Sandra Kim,2026-08-21,Retail Store,Home Goods,4,$61.26,France,PayPal,245.04,175.93
11455,Eric Oneal,2026-08-21,Marketplace,Beauty,4,$171.53,Australia,PayPal,686.12,0.0
11456,Justin Brown,2026-08-21,Marketplace,Home Goods,5,260.18,United States,Credit Card,1300.9,1779.7601754802758
11457,Eduardo Newton,2026-08-21,Marketplace,Home Goods,3,262.82,Australia,Gift Card,788.46,0.0
11458,Evan Keller,2026-08-21,Retail Store,Home Goods,3,306.41,France,Credit Card,919.23,0.0
11459,Karla Terrell,2026-08-21,Website,Beauty,1,242.81,U.S.,Gift Card,242.81,0.0
11460,Anthony Barber,2026-08-21,Retail Store,Sports,3,295.33,France,Credit Card,885.99,0.0
11461,Sharon Patterson,2026-08-21,Website,Sports,3,49.15,France,Gift Card,147.45,0.0
11462,Lisa Welch,2026-08-21,Website,Apparel,4,121.46,France,PayPal,485.84,0.0
11463,Scott Fowler,2026-08-21,Retail Store,Apparel,3,$56.1,France,Credit Card,168.3,0.0
11464,Sarah Green,2026-08-21,Website,Sports,4,114.4,Canada,Credit Card,457.6,0.0
11465,David Dalton,2026-08-21,Website,Apparel,4,15.85,Germany,Bank Transfer,63.4,0.0
11466,Sarah Glover,08/21/2026,Marketplace,Electronics,3,121.15,Canada,Credit Card,363.45,0.0
11467,Derek Campbell,2026-08-21,Website,Electronics,2,281.93,Canada,Gift Card,563.86,0.0
11468,Benjamin Munoz,2026-08-21,Marketplace,Sports,5,210.51,Germany,Gift Card,1052.55,0.0
11469,William Cummings,2026-08-21,Marketplace,Home Goods,5,78.29,United States,Credit Card,391.45,0.0
11470,Katherine Scott,"August 21, 2026",Marketplace,Apparel,1,227.9,United Kingdom,Bank Transfer,227.9,0.0
11471,Eric Stone,2026-08-21,Website,Home Goods,2,229.0,United Kingdom,Bank Transfer,458.0,0.0
11472,Paul Walker,2026-08-21,Marketplace,Electronics,4,180.89,Canada,PayPal,723.56,316.69
11473,Gabriel Tyler,2026-08-21,Marketplace,Electronics,1,196.65,Germany,Credit Card,196.65,0.0
11474,Michael Morris,2026-08-21,Website,Beauty,4,12.42,Canada,Gift Card,49.68,0.0
11475,Kevin Hernandez,2026-08-21,Retail Store,Electronics,1,244.08,United Kingdom,Gift Card,244.08,0.0
11476,Michael Newton,2026-08-21,Retail Store,Sports,4,319.97,United Kingdom,PayPal,1279.88,0.0
11477,Jessica Jones,2026-08-21,Website,Electronics,2,144.29,Australia,Bank Transfer,288.58,0.0
11478,April Sharp,2026-08-21,Retail Store,Beauty,2,224.95,France,PayPal,449.9,0.0
11479,Cindy Waters,2026-08-21,Retail Store,Sports,4,340.19,Canada,Gift Card,1360.76,0.0
11480,Kelly Flores DDS,2026-08-21,Website,Electronics,5,297.16,Canada,Credit Card,1485.8,0.0
11481,Mr. Robert Johnston,2026-08-21,Marketplace,Beauty,3,58.81,Australia,Bank Transfer,176.43,0.0
11482,Jennifer Vance,2026-08-21,Retail Store,Apparel,4,43.87,Germany,Gift Card,175.48,249.44213516169003
11483,Lisa Bonilla,2026-08-21,Marketplace,Electronics,3,73.85,France,Credit Card,221.55,0.0
11484,Andrew Moore,2026-08-21,Website,Home Goods,3,262.72,United Kingdom,PayPal,788.16,0.0
11485,Craig Johnson,2026-08-21,Website,Home Goods,1,324.79,France,Credit Card,324.79,0.0
11486,Lori Gillespie,2026-08-21,Marketplace,Sports,1,126.81,Australia,Credit Card,126.81,0.0
11487,Sonia Williams MD,2026-08-21,Website,Electronics,5,205.76,France,Credit Card,1028.8,0.0
11488,Lisa Salazar,2026-08-21,Website,Sports,3,153.71,United States,Bank Transfer,461.13,0.0
11489,Nicole Pierce,2026-08-21,Website,Electronics,1,333.04,United Kingdom,PayPal,333.04,0.0
11490,Mark Mcguire,2026-08-21,Website,Apparel,2,215.8,Canada,Credit Card,431.6,0.0
11491,Tyler Henderson,2026-08-21,Website,Electronics,4,181.42,France,PayPal,725.68,79.61
11492,Miranda Cuevas,08/21/2026,Website,Electronics,1394,97.47,United Kingdom,Gift Card,292.41,0.0
11493,Kathryn Gutierrez,2026-08-21,Marketplace,Electronics,1,251.7,United Kingdom,Credit Card,251.7,0.0
11494,Luis French,2026-08-21,Retail Store,Home Goods,3,244.37,France,Bank Transfer,733.11,0.0
11495,Jessica Robinson,2026-08-21,Website,Sports,2,10.63,Germany,Gift Card,21.26,0.0
11496,Kevin Wallace,2026-08-21,Website,Electronics,3,208.68,Germany,Credit Card,626.04,0.0
11497,Alex Green,2026-08-21,Retail Store,Beauty,5,291.99,Australia,Bank Transfer,1459.95,0.0
11498,Kevin Boone,2026-08-21,Marketplace,Home Goods,1,279.8,Australia,PayPal,279.8,0.0
11499,Samuel Willis,2026-08-21,Website,Electronics,3,100.01,France,Credit Card,300.03,0.0
11500,Cheryl Parrish,2026-08-21,Marketplace,Sports,3,340.43,United States,Gift Card,1021.29,0.0
11501,Mr. Victor Mcclain,2026-08-21,Website,Home Goods,2,171.97,Canada,PayPal,343.94,0.0
11502,Amanda Thomas DDS,2026-08-21,Retail Store,Beauty,5,$248.19,Canada,Credit Card,1240.95,0.0
11503,John Foster,2026-08-21,Website,Electronics,4,240.96,Australia,Credit Card,963.84,1164.1598838593268
11504,,2026-08-21,Marketplace,Home Goods,1,127.65,Canada,Bank Transfer,127.65,181.80081052579152
11505,Kristopher Jones,2026-08-21,Website,Home Goods,4,110.92,United States,Bank Transfer,443.68,160.53
11506,Michael Lewis,2026-08-21,Website,Apparel,5,340.26,France,Credit Card,1701.3,0.0
11507,Kathleen Smith,2026-08-21,Website,Apparel,4,273.84,Canada,Bank Transfer,1095.36,0.0
11508,Denise Hubbard,2026-08-21,Website,Apparel,3,$153.69,United States,PayPal,461.07,0.0
11509,Deanna Mclaughlin,21-08-2026,Website,Electronics,4,105.7,United Kingdom,Gift Card,422.8,49.09
11510,Mary Vega,2026-08-21,Marketplace,Apparel,2,323.63,Australia,PayPal,647.26,0.0
11511,William Duke,"August 21, 2026",Website,Electronics,4,150.21,Australia,PayPal,600.84,0.0
11512,Lauren Berry,2026-08-21,Marketplace,Home Goods,3,32.35,Australia,Credit Card,97.05,0.0
11513,Kevin Anderson,2026-08-21,Website,Beauty,3,$204.37,Germany,Gift Card,613.11,0.0
11514,Kristi Dyer,2026-08-21,Marketplace,Sports,3,242.98,Germany,Bank Transfer,728.94,0.0
11515,Michael Wall,2026-08-21,Retail Store,Apparel,1,83.27,Canada,Bank Transfer,83.27,0.0
11516,Scott Thornton,2026-08-21,Website,Beauty,3,30.01,Canada,Credit Card,90.03,0.0
11517,Alexander Medina,2026-08-21,Website,Beauty,2,26.87,Germany,Credit Card,53.74,0.0
11518,Derrick Cruz,"August 21, 2026",Marketplace,Electronics,2,306.15,Canada,PayPal,612.3,0.0
11519,Thomas Burns,2026-08-21,Website,Sports,3,201.43,France,Gift Card,604.29,0.0
11520,Rhonda Smith,2026-08-21,Website,Beauty,3,53.3,Germany,PayPal,159.9,0.0
11521,Heather Pope,2026-08-21,Website,Electronics,1,203.98,France,Credit Card,203.98,128.42
11522,Yvonne Castro,08/21/2026,Website,Beauty,1,228.83,United Kingdom,PayPal,228.83,0.0
11523,Aimee Ford,2026-08-21,Website,Beauty,4,324.65,United States,PayPal,1298.6,0.0
11524,,2026-08-21,Marketplace,Beauty,5,102.51,Germany,Gift Card,512.55,0.0
11525,Jessica Rodriguez,2026-08-21,Retail Store,Electronics,3,$326.31,Australia,Credit Card,978.93,827.04
11526,Elizabeth Jensen,21-08-2026,Marketplace,Home Goods,4,315.73,France,Credit Card,1262.92,0.0
11527,Robert Sosa,2026-08-21,Marketplace,Sports,3,185.87,United Kingdom,Bank Transfer,557.61,431.87
11528,Tiffany Mueller,2026-08-21,Website,Electronics,1,342.65,France,Gift Card,342.65,0.0
11529,James Manning,2026-08-21,Website,Home Goods,5,138.68,United Kingdom,Credit Card,693.4,0.0
11530,Paula Buck,2026-08-21,Website,Home Goods,1,$134.04,United States,Credit Card,134.04,0.0
11531,Alan Nelson MD,2026-08-21,Marketplace,Sports,1,162.74,France,PayPal,162.74,0.0
11532,Donald Scott,2026-08-21,Website,Sports,3,218.87,United States,Credit Card,656.61,0.0
11533,Dawn Nguyen,2026-08-21,Website,Electronics,3,51.42,United Kingdom,Gift Card,154.26,0.0
11534,Renee Lewis,2026-08-21,Retail Store,Electronics,4,289.22,France,PayPal,1156.88,160.29
11535,William West,2026-08-21,Website,Electronics,4,232.65,France,Bank Transfer,930.6,0.0
11536,Richard Miller,2026-08-21,Website,Home Goods,3,106.46,France,Credit Card,319.38,0.0
11537,Ryan White,2026-08-21,Website,Home Goods,3,76.06,United Kingdom,Bank Transfer,228.18,0.0
11538,Anna Martin,2026-08-21,Marketplace,Beauty,1,128.34,United States,Gift Card,128.34,92.74
11539,Ashley Wagner,21-08-2026,Website,Electronics,1,232.9,United States,Credit Card,232.9,0.0
11540,Joseph Thompson,2026-08-21,Website,Home Goods,5,266.55,United Kingdom,Bank Transfer,1332.75,0.0
11541,Theresa Hoffman,2026-08-21,Website,Apparel,2,$212.07,Germany,Bank Transfer,424.14,0.0
11542,Darren Stokes,2026-08-21,Website,Home Goods,1,82.78,United States,Bank Transfer,82.78,0.0
11543,Kathy Ball,"August 21, 2026",Marketplace,Electronics,3,216.21,Germany,Gift Card,648.63,0.0
11544,Rachel Thompson,2026-08-21,Retail Store,Beauty,4,47.98,Australia,Gift Card,191.92,0.0
11545,Jonathan Stephens,2026-08-21,Website,Apparel,2,300.59,Australia,PayPal,601.18,373.81
11546,Kathryn Parrish,2026-08-21,Marketplace,Beauty,4,79.28,Australia,Gift Card,317.12,0.0
11547,Steven Castro,2026-08-21,Marketplace,Sports,2,73.05,France,Credit Card,146.1,0.0
11548,Douglas Sandoval,2026-08-21,Marketplace,Sports,1,$245.73,United Kingdom,PayPal,245.73,0.0
11549,Joshua Stewart,2026-08-21,Website,Electronics,3,283.39,Australia,Gift Card,850.17,0.0
11550,Brianna Vasquez,2026-08-21,Website,Beauty,5,182.67,United Kingdom,Bank Transfer,913.35,0.0
11551,Darryl Hicks,2026-08-21,Website,Electronics,-4,282.39,Australia,Credit Card,1129.56,0.0
11552,Karen Dalton,2026-08-21,Website,Home Goods,2,46.69,United Kingdom,PayPal,93.38,74.05
11553,Brandy Morris,2026-08-21,Marketplace,Electronics,4,243.92,Germany,Bank Transfer,975.68,0.0
11554,Kevin Rodriguez,2026-08-21,Website,Apparel,3,181.47,United Kingdom,Credit Card,544.41,0.0
11555,Sylvia Edwards,2026-08-21,Website,Sports,2,334.42,Australia,Bank Transfer,668.84,0.0
11556,Jenna Ramirez DDS,2026-08-21,Marketplace,Electronics,3,119.3,Canada,Credit Card,357.9,0.0
11557,Nathaniel Cruz,21-08-2026,Website,Electronics,1,231.49,United States,Gift Card,231.49,0.0
11558,Laurie Davis,2026-08-21,Website,Apparel,4,217.26,France,Credit Card,869.04,0.0
11559,Brenda Smith,2026-08-21,Website,Sports,2,258.44,United States,PayPal,516.88,0.0
11560,Michael Nolan,"August 21, 2026",Website,Sports,2,321.1,United States,Bank Transfer,642.2,251.51
11561,Antonio Phillips,2026-08-21,Marketplace,Home Goods,2,$32.21,Australia,Credit Card,64.42,0.0
11562,Joseph Lopez,2026-08-21,Marketplace,Apparel,2,320.16,Australia,PayPal,640.32,0.0
11563,Jeffery Moore,08/21/2026,Website,Home Goods,1,277.89,Canada,Credit Card,277.89,40.39
11564,Cynthia Lambert,2026-08-21,Website,Sports,5,197.17,Germany,Bank Transfer,985.85,0.0
11565,Jodi Harrison,2026-08-21,Website,Electronics,4,121.72,France,Credit Card,486.88,0.0
11566,Monique Sanchez,2026-08-21,Retail Store,Beauty,4,98.56,France,Bank Transfer,394.24,0.0
11567,Haley Crosby,2026-08-21,Marketplace,Apparel,2,202.74,Germany,Bank Transfer,405.48,0.0
11568,Brian Rodriguez,2026-08-21,Retail Store,Electronics,1,343.18,United States,Bank Transfer,343.18,0.0
11569,Darlene Coleman,2026-08-21,Marketplace,Apparel,4,$20.31,Canada,PayPal,81.24,0.0
11570,Nathan Lewis,"August 21, 2026",Marketplace,Sports,3,90.68,Germany,Credit Card,272.04,0.0
11571,Kimberly Stanley,2026-08-21,Website,Apparel,2,129.19,United States,Gift Card,258.38,0.0
11572,Teresa Cook,2026-08-21,Marketplace,Sports,1,$277.08,Germany,Bank Transfer,277.08,0.0
11573,Victoria Drake,2026-08-21,Website,Sports,5,210.26,Canada,Credit Card,1051.3,0.0
11574,Randy Davidson,2026-08-21,Marketplace,Home Goods,4,269.2,United States,Bank Transfer,1076.8,674.67
11575,Deanna Jackson,2026-08-21,Marketplace,Sports,3,64.52,Germany,Gift Card,193.56,0.0
11576,Brandon Morrow,2026-08-21,Website,Beauty,4,273.65,Germany,Credit Card,1094.6,0.0
11577,Victor Bond,2026-08-21,Website,Electronics,4,327.97,Australia,Bank Transfer,1311.88,0.0
11578,Jacob Brown,2026-08-21,Marketplace,Apparel,3,124.43,United Kingdom,Credit Card,373.29,0.0
11579,Dana Fischer,2026-08-21,Marketplace,Sports,5,50.45,Germany,Bank Transfer,252.25,0.0
11580,Ronald Mccoy,2026-08-21,Marketplace,Beauty,5,18.96,Canada,Gift Card,94.8,0.0
11581,Carol White,2026-08-21,Website,Beauty,5,322.27,France,Credit Card,1611.35,0.0
11582,Megan Olson,2026-08-21,Website,Beauty,5,46.9,Australia,Gift Card,234.5,0.0
11583,Richard Byrd,2026-08-21,Marketplace,Beauty,3,329.75,Australia,Gift Card,989.25,0.0
11584,Juan Salazar,2026-08-21,Retail Store,Sports,4,$132.37,Germany,Gift Card,529.48,0.0
11585,,2026-08-21,Website,Apparel,2,197.48,United Kingdom,Gift Card,394.96,0.0
11586,James Weeks,2026-08-21,Retail Store,Sports,4,87.63,Australia,Gift Card,350.52,0.0
11587,Ms. Sara Diaz MD,2026-08-21,Retail Store,Home Goods,3,242.62,Germany,Bank Transfer,727.86,601.93
11588,Donna Johnson MD,2026-08-21,Website,Electronics,4,268.09,United States,Bank Transfer,1072.36,0.0
11589,Richard Sosa,2026-08-21,Marketplace,Electronics,4,252.02,Canada,Bank Transfer,1008.08,0.0
11590,Amy Kelly,2026-08-21,Website,Beauty,2,250.6,Canada,Gift Card,501.2,208.87
11591,Mr. Micheal Howard,2026-08-21,Website,Home Goods,3,118.21,Australia,Gift Card,354.63,0.0
11592,Monica Thornton,2026-08-21,Website,Electronics,4,291.04,Canada,Bank Transfer,1164.16,0.0
11593,Debbie Reynolds,2026-08-21,Website,Beauty,2,213.54,Germany,PayPal,427.08,0.0
11594,Megan Blair,2026-08-21,Website,Apparel,3,297.93,France,Bank Transfer,893.79,531.96
11595,Brianna Harris,2026-08-21,Marketplace,Electronics,3,332.2,Germany,Bank Transfer,996.6,0.0
11596,Alexandra Martinez,2026-08-21,Website,Electronics,2,220.2,United States,Bank Transfer,440.4,0.0
11597,Martin Chang,2026-08-21,Website,Sports,2,27.6,United States,Bank Transfer,55.2,13.03
11598,Daniel Caldwell,2026-08-21,Retail Store,Electronics,5,$65.5,United Kingdom,PayPal,327.5,423.6571107954156
11599,Martin Haynes,"August 21, 2026",Retail Store,Beauty,1,347.66,Canada,Credit Card,347.66,0.0
11600,,08/21/2026,Website,Sports,5,145.51,Germany,Bank Transfer,727.55,0.0
11601,Craig Robinson,2026-08-21,Website,Apparel,2,$278.81,Australia,PayPal,557.62,0.0
11602,Jose Rodriguez,08/21/2026,Marketplace,Home Goods,1,99.84,United Kingdom,PayPal,99.84,0.0
11603,Michael Jones,2026-08-21,Website,Beauty,1,70.27,United Kingdom,Credit Card,70.27,0.0
11604,Paul Graham,2026-08-21,Retail Store,Apparel,5,276.13,Germany,Bank Transfer,1380.65,0.0
11605,Melanie Reyes,2026-08-21,Website,Sports,2,213.45,United States,Credit Card,426.9,0.0
11606,Kelli Crosby,2026-08-21,Website,Sports,1,26.21,United States,Gift Card,26.21,0.0
11607,Cheryl Rhodes,21-08-2026,Website,Electronics,4,267.37,United States,Gift Card,1069.48,0.0
11608,Pedro Gomez,2026-08-21,Website,Beauty,4,296.37,United States,Gift Card,1185.48,211.57
11609,Darrell Nguyen,2026-08-21,Website,Sports,1,60.29,United Kingdom,PayPal,60.29,43.86
11610,George Cox,2026-08-21,Retail Store,Beauty,1,269.92,Australia,Credit Card,269.92,0.0
11611,Christopher Stark,2026-08-21,Marketplace,Apparel,4,204.45,France,PayPal,817.8,0.0
11612,Sheena Snyder,2026-08-21,Marketplace,Electronics,1,18.07,Australia,Gift Card,18.07,0.0
11613,Katherine Owen,2026-08-21,Retail Store,Home Goods,3,182.19,France,Gift Card,546.57,0.0
11614,Elizabeth Smith,2026-08-21,Marketplace,Beauty,3,149.31,France,Bank Transfer,447.93,249.5
11615,Eric Hamilton,2026-08-21,Marketplace,Sports,5,159.34,France,Credit Card,796.7,0.0
11616,Arthur Mitchell,"August 21, 2026",Website,Beauty,5,244.81,United States,Gift Card,1224.05,0.0
11617,Christopher Leach,2026-08-21,Website,Apparel,3,25.47,Germany,Gift Card,76.41,0.0
11618,Bradley Bennett,2026-08-21,Marketplace,Sports,1,56.76,Australia,Bank Transfer,56.76,0.0
11619,Darin Hernandez,2026-08-21,Marketplace,Beauty,3,108.59,United Kingdom,Gift Card,325.77,0.0
11620,Brianna Smith,2026-08-21,Website,Beauty,5,193.7,Canada,Gift Card,968.5,0.0
11621,Jennifer Harvey,2026-08-21,Website,Apparel,5,106.11,Canada,Gift Card,530.55,0.0
11622,William Sullivan,2026-08-21,Website,Sports,2,201.99,France,PayPal,403.98,0.0
11623,Teresa Ramirez,2026-08-21,Website,Home Goods,4,319.12,France,Bank Transfer,1276.48,0.0
11624,Miss Erika Foley DVM,2026-08-21,Marketplace,Home Goods,2,27.74,Germany,PayPal,55.48,0.0
11625,Penny Jones,2026-08-21,Retail Store,Apparel,1,299.09,Canada,PayPal,299.09,0.0
11626,Wayne Martin,2026-08-21,Retail Store,Beauty,5,131.12,United States,Bank Transfer,655.6,0.0
11627,Rachel Torres,21-08-2026,Marketplace,Home Goods,4,317.45,Canada,Credit Card,1269.8,0.0
11628,Tyler Henry,2026-08-21,Website,Sports,-1,13.8,France,Gift Card,13.8,0.0
11629,Nicole Carrillo,2026-08-21,Website,Apparel,3,128.33,Germany,Credit Card,384.99,0.0
11630,Maxwell Christian,2026-08-21,Marketplace,Apparel,3,203.57,United States,Credit Card,610.71,349.87
11631,Michael Mendoza,2026-08-21,Retail Store,Apparel,5,196.59,Canada,Credit Card,982.95,0.0
11632,Nicole Pineda,2026-08-21,Website,Apparel,1,14.22,United States,PayPal,14.22,0.0
11633,Lisa Owens,2026-08-21,Marketplace,Beauty,3,16.27,Germany,Gift Card,48.81,0.0
11634,Derrick Keith,2026-08-21,Retail Store,Sports,4,75.74,United Kingdom,Credit Card,302.96,0.0
11635,Jason Evans,2026-08-21,Website,Sports,5,209.46,Australia,Credit Card,1047.3,0.0
11636,Stephanie Adams,2026-08-21,Retail Store,Sports,5,292.13,United Kingdom,PayPal,1460.65,0.0
11637,Kenneth Hernandez,2026-08-21,Marketplace,Apparel,3,83.54,United Kingdom,Gift Card,250.62,44.88
11638,Thomas Warren,2026-08-21,Marketplace,Beauty,5,288.33,United Kingdom,Bank Transfer,1441.65,806.17
11639,,2026-08-21,Marketplace,Home Goods,3,291.86,Germany,Credit Card,875.58,0.0
11640,Cassie Williams,21-08-2026,Marketplace,Sports,2,316.53,France,Credit Card,633.06,0.0
11641,Laura Harris,2026-08-21,Retail Store,Apparel,2,137.87,Australia,Gift Card,275.74,0.0
11642,Ricardo Palmer,"August 21, 2026",Marketplace,Electronics,4,41.19,United Kingdom,Bank Transfer,164.76,0.0
11643,Ryan Sims,2026-08-21,Website,Home Goods,-4,292.6,United States,PayPal,1170.4,381.03
11644,Corey Smith,2026-08-21,Website,Beauty,3,$35.36,Britain,Credit Card,106.08,0.0
11645,Michael Sampson,2026-08-21,Retail Store,Electronics,2,$220.2,Germany,Credit Card,440.4,0.0
11646,Casey Tyler,2026-08-21,Website,Home Goods,1,208.43,USA,Gift Card,208.43,0.0
11647,Victoria Gomez,2026-08-21,Website,Beauty,5,254.44,Germany,PayPal,1272.2,0.0
11648,Michael Adams,2026-08-21,Website,Home Goods,1,316.5,Canada,PayPal,316.5,0.0
11649,Colleen Finley,2026-08-21,Website,Apparel,5,273.78,United Kingdom,Bank Transfer,1368.9,0.0
11650,Kent Bond,2026-08-21,Marketplace,Electronics,1,154.85,Australia,PayPal,154.85,0.0
11651,Zachary Ortega,"August 21, 2026",Website,Electronics,2,175.56,Germany,Credit Card,351.12,0.0
11652,Heather Williams,2026-08-21,Website,Apparel,1,35.56,Germany,Credit Card,35.56,7.02
11653,Scott Lopez,2026-08-21,Marketplace,Electronics,5,100.57,Britain,PayPal,502.85,268.34
11654,Janice Manning,2026-08-21,Website,Home Goods,746,194.74,Germany,Gift Card,194.74,0.0
11655,Joseph Daniels,2026-08-21,Marketplace,Sports,2,$286.77,Germany,Bank Transfer,573.54,0.0
11656,Jill Mills,2026-08-21,Website,Sports,3,31.22,France,Gift Card,93.66,13.83
11657,Linda Hill,2026-08-21,Website,Beauty,5,241.35,Germany,Bank Transfer,1206.75,0.0
11658,Kimberly Hernandez,2026-08-21,Marketplace,Sports,5,243.11,Germany,Credit Card,1215.55,0.0
11659,Elaine Howell,2026-08-21,Marketplace,Beauty,5,104.73,United States,Bank Transfer,523.65,0.0
11660,Eddie Mendoza,2026-08-21,Website,Home Goods,3,72.86,United Kingdom,PayPal,218.58,0.0
11661,Kevin Allison,2026-08-21,Website,Home Goods,3,108.13,United States,PayPal,324.39,123.56
11662,Heidi Strong,"August 21, 2026",Retail Store,Beauty,5,247.89,France,Bank Transfer,1239.45,826.51
11663,Chelsea Mccoy,2026-08-21,Website,Sports,1,277.24,Canada,Credit Card,277.24,0.0
11664,Harry Bennett,2026-08-21,Website,Electronics,3,$145.5,France,Bank Transfer,436.5,0.0
11665,Brent Alexander,2026-08-21,Marketplace,Electronics,1,187.31,France,Credit Card,187.31,0.0
11666,Diana Sherman,2026-08-21,Retail Store,Apparel,2,232.85,United States,Credit Card,465.7,0.0
11667,Kristen Decker,2026-08-21,Website,Electronics,5,211.19,France,Bank Transfer,1055.95,0.0
11668,Joshua Morris,2026-08-21,Website,Beauty,5,109.93,United Kingdom,Gift Card,549.65,0.0
11669,Jack Hill,2026-08-21,Marketplace,Sports,3,119.71,Canada,Bank Transfer,359.13,0.0
11670,Michelle Cummings,2026-08-21,Retail Store,Home Goods,4,62.88,United Kingdom,PayPal,251.52,0.0
11671,Toni Beltran,2026-08-21,Website,Electronics,4,16.24,France,Gift Card,64.96,0.0
11672,Sean Castro,2026-08-21,Retail Store,Sports,2,287.51,Germany,PayPal,575.02,0.0
11673,Timothy Duran,2026-08-21,Website,Home Goods,1,75.6,US,Gift Card,75.6,63.68
11674,Terrance Lopez,2026-08-21,Retail Store,Sports,1,214.71,Germany,PayPal,214.71,0.0
11675,Jason Galloway,2026-08-21,Website,Electronics,1,204.4,Australia,Bank Transfer,204.4,29.86
11676,James Clark,2026-08-21,Marketplace,Electronics,5,64.16,United Kingdom,PayPal,320.8,0.0
11677,Ashley Hughes,2026-08-21,Retail Store,Electronics,3,99.44,United Kingdom,Gift Card,298.32,0.0
11678,Michael Wright,2026-08-21,Website,Sports,3,174.3,Australia,Gift Card,522.9,0.0
11679,Erin Edwards,2026-08-21,Marketplace,Beauty,1,20.19,France,PayPal,20.19,9.06
11680,Anthony Willis,2026-08-21,Marketplace,Home Goods,5,$227.92,United States,Credit Card,1139.6,1316.4190848705919
11681,Danielle Atkinson,2026-08-21,Website,Apparel,4,17.21,United States,Gift Card,68.84,0.0
11682,David Brown,2026-08-21,Website,Electronics,4,141.62,UK,Gift Card,566.48,0.0
11683,Jeremy Rivera,08/21/2026,Marketplace,Home Goods,2,187.43,United States,Bank Transfer,374.86,0.0
11684,Stacey Lozano,2026-08-21,Website,Sports,1,145.32,United States,Bank Transfer,145.32,111.15
11685,Steven Hardin,2026-08-21,Website,Electronics,4,8.71,Germany,Credit Card,34.84,0.0
11686,Kerry Callahan,2026-08-21,Website,Sports,1,302.53,Australia,Credit Card,302.53,0.0
11687,Gabriel Franklin,2026-08-21,Website,Sports,5,$222.65,France,Bank Transfer,1113.25,0.0
11688,Patrick Barnett,2026-08-21,Website,Apparel,1,348.24,France,PayPal,348.24,0.0
11689,Tyler Martinez,2026-08-21,Marketplace,Sports,5,302.63,Germany,Bank Transfer,1513.15,0.0
11690,Wendy Smith,2026-08-21,Website,Electronics,4,291.07,United Kingdom,PayPal,1164.28,0.0
11691,Christian Roberts,2026-08-21,Website,Home Goods,4,171.26,United Kingdom,PayPal,685.04,0.0
11692,Amanda Mercado,2026-08-21,Marketplace,Sports,5,249.48,Australia,PayPal,1247.4,0.0
11693,Megan Mercer,2026-08-21,Website,Home Goods,5,199.14,United States,Bank Transfer,995.7,0.0
11694,Christopher Long,"August 21, 2026",Website,Electronics,4,317.51,Australia,PayPal,1270.04,0.0
11695,Kevin Morris,2026-08-21,Website,Apparel,3,346.05,France,Bank Transfer,1038.15,0.0
11696,Francis Taylor,2026-08-21,Marketplace,Sports,3,338.31,United Kingdom,Credit Card,1014.93,836.22
11697,John Thompson,2026-08-21,Website,Beauty,3,284.28,United States,Bank Transfer,852.84,0.0
11698,Brian Mendez,2026-08-21,Website,Beauty,4,288.37,Germany,PayPal,1153.48,521.73
11699,Audrey Knight,2026-08-21,Retail Store,Apparel,3,102.42,United States,Credit Card,307.26,0.0
11700,Joel Ritter,2026-08-21,Website,Electronics,2,18.94,United Kingdom,Bank Transfer,37.88,0.0
11701,Ashley Lara,2026-08-21,Marketplace,Sports,4,264.47,United Kingdom,PayPal,1057.88,0.0
11702,Brittany Castro,2026-08-21,Marketplace,Beauty,2,133.68,United States,Bank Transfer,267.36,89.05
11703,Jacob Perez,2026-08-21,Website,Electronics,4,318.95,Canada,Gift Card,1275.8,0.0
11704,Bruce Hunter,2026-08-21,Marketplace,Apparel,1,269.86,Germany,PayPal,269.86,0.0
11705,Bryan Brown,2026-08-21,Marketplace,Home Goods,3,77.65,France,Bank Transfer,232.95,0.0
11706,Brian Peterson,2026-08-21,Website,Sports,5,313.4,United Kingdom,Credit Card,1567.0,0.0
11707,Michael Brown,2026-08-21,Website,Electronics,2,346.72,Germany,Credit Card,693.44,0.0
11708,Krista Wall,2026-08-21,Website,Beauty,2,254.92,Germany,Bank Transfer,509.84,0.0
11709,Daniel Bridges,2026-08-21,Retail Store,Sports,5,89.76,United Kingdom,Credit Card,448.8,0.0
11710,Timothy Payne,2026-08-21,Retail Store,Home Goods,4,258.93,France,Credit Card,1035.72,0.0
11711,Denise Archer,2026-08-21,Website,Beauty,5,219.63,Australia,PayPal,1098.15,0.0
11712,Gregory Rowland,2026-08-21,Website,Sports,2,$230.63,Australia,Bank Transfer,461.26,0.0
11713,Steven Fox,"August 21, 2026",Marketplace,Home Goods,2,346.56,Australia,Bank Transfer,693.12,0.0
11714,Andrew Banks,"August 21, 2026",Marketplace,Beauty,1,19.1,United States,Credit Card,19.1,0.0
11715,Thomas Rodgers,21-08-2026,Marketplace,Apparel,2,157.06,Germany,Gift Card,314.12,0.0
11716,Austin Hernandez,2026-08-21,Marketplace,Home Goods,5,316.03,France,PayPal,1580.15,0.0
11717,Jacob Edwards,2026-08-21,Marketplace,Beauty,5,9.8,Germany,PayPal,49.0,0.0
11718,Samantha Chan,2026-08-21,Marketplace,Home Goods,1,299.15,Canada,Gift Card,299.15,0.0
11719,Katherine Garcia,2026-08-21,Website,Sports,3,88.62,United Kingdom,Bank Transfer,265.86,0.0
11720,Melissa Harris,2026-08-21,Website,Apparel,1,$106.88,Canada,PayPal,106.88,0.0
11721,Jennifer Lewis,"August 21, 2026",Marketplace,Beauty,1,292.77,United States,PayPal,292.77,0.0
11722,John Rogers,2026-08-21,Website,Sports,2,186.73,Canada,Credit Card,373.46,0.0
11723,Lauren Patterson,2026-08-21,Website,Beauty,2,167.57,France,PayPal,335.14,0.0
11724,Carlos Allison,2026-08-21,Website,Beauty,2,267.01,United Kingdom,Credit Card,534.02,0.0
11725,Danielle Winters,2026-08-21,Website,Beauty,4,91.05,United States,Credit Card,364.2,0.0
11726,Charles Roberts,2026-08-21,Website,Electronics,3,150.09,Canada,PayPal,450.27,0.0
11727,John Graham,2026-08-21,Marketplace,Sports,5,113.29,Canada,Gift Card,566.45,0.0
11728,Jason Guerrero,2026-08-21,Marketplace,Home Goods,1,34.38,Australia,Credit Card,34.38,0.0
11729,Nicole Jenkins,2026-08-21,Website,Home Goods,4,153.75,UK,PayPal,615.0,0.0
11730,Jaime Russell,2026-08-21,Website,Home Goods,1,284.15,France,Gift Card,284.15,0.0
11731,,"August 21, 2026",Website,Electronics,4,238.29,Germany,Bank Transfer,953.16,0.0
11732,Heather Fitzpatrick,2026-08-21,Website,Beauty,2,284.29,Germany,Credit Card,568.58,0.0
11733,Jeffrey Smith,2026-08-21,Retail Store,Beauty,2,280.48,France,Bank Transfer,560.96,433.57
11734,Jose Smith,2026-08-21,Website,Home Goods,3,162.26,United Kingdom,Credit Card,486.78,0.0
11735,Dakota Lyons,2026-08-21,Retail Store,Electronics,4,257.04,France,Bank Transfer,1028.16,0.0
11736,Robert Griffin,08/21/2026,Website,Apparel,5,229.6,United States,Credit Card,1148.0,0.0
11737,Edward Morales,"August 21, 2026",Website,Home Goods,4,232.22,Germany,PayPal,928.88,0.0
11738,,2026-08-21,Website,Apparel,2,98.75,France,Credit Card,197.5,0.0
11739,Jennifer Hebert,2026-08-21,Website,Beauty,3,121.78,United Kingdom,Credit Card,365.34,0.0
11740,Trevor Hicks,2026-08-21,Website,Beauty,2,256.64,France,Bank Transfer,513.28,0.0
11741,Sarah White,2026-08-21,Marketplace,Electronics,4,272.41,Germany,Gift Card,1089.64,0.0
11742,Michael Berry,2026-08-21,Website,Apparel,3,$209.93,Australia,PayPal,629.79,0.0
11743,Timothy Compton,2026-08-21,Marketplace,Sports,4,116.92,United States,Gift Card,467.68,0.0
11744,Whitney Hill,2026-08-21,Website,Sports,5,264.1,United Kingdom,Bank Transfer,1320.5,0.0
11745,Nathan Beard,2026-08-21,Website,Home Goods,2,$39.3,United Kingdom,Gift Card,78.6,0.0
11746,Adriana Thompson,2026-08-21,Retail Store,Beauty,2,113.65,Germany,Bank Transfer,227.3,0.0
11747,Danielle Cook,2026-08-21,Marketplace,Beauty,4,176.81,Canada,Gift Card,707.24,0.0
11748,,2026-08-21,Website,Electronics,4,83.33,Australia,Credit Card,333.32,0.0
11749,Cassandra Gray,2026-08-21,Website,Sports,4,314.46,Germany,PayPal,1257.84,0.0
11750,Harry Moon,2026-08-21,Website,Electronics,2,21.14,Germany,Credit Card,42.28,0.0
11751,Anne Berg,2026-08-21,Website,Beauty,1,264.08,Germany,Credit Card,264.08,0.0
11752,Jessica Mcbride,2026-08-21,Marketplace,Beauty,4,321.29,United States,Bank Transfer,1285.16,0.0
11753,Christopher Hernandez,2026-08-21,Website,Apparel,4,127.93,United Kingdom,Gift Card,511.72,0.0
11754,Melissa Potter,08/21/2026,Website,Apparel,1,161.11,France,Credit Card,161.11,102.14
11755,Amanda Murray,2026-08-21,Website,Home Goods,3,260.82,United States,Gift Card,782.46,0.0
11756,Christine Harrison,2026-08-21,Website,Beauty,2,89.21,Germany,Gift Card,178.42,0.0
11757,Roger Lewis,2026-08-21,Website,Electronics,5,167.77,France,PayPal,838.85,0.0
11758,William Caldwell,2026-08-21,Website,Beauty,2,303.1,France,Credit Card,606.2,0.0
11759,Lisa Martin,21-08-2026,Website,Sports,1,33.37,United States,PayPal,33.37,0.0
11760,Rebecca Pacheco,2026-08-21,Website,Beauty,1,169.83,Germany,Bank Transfer,169.83,0.0
11761,William Guzman,2026-08-21,Website,Sports,4,38.13,Canada,Credit Card,152.52,0.0
11762,Joseph Walker,2026-08-21,Website,Home Goods,4,228.49,Australia,Credit Card,913.96,0.0
11763,Nathan Williams,2026-08-21,Website,Apparel,4,212.22,Australia,Gift Card,848.88,963.7238367003473
11764,Philip Cardenas,2026-08-21,Retail Store,Electronics,1,$188.08,United Kingdom,PayPal,188.08,0.0
11765,Tracy Weiss,2026-08-21,Website,Apparel,1,221.96,Australia,Gift Card,221.96,0.0
11766,Jason Payne,2026-08-21,Website,Home Goods,5,162.89,France,PayPal,814.45,0.0
11767,Kristy Mercado,2026-08-21,Marketplace,Home Goods,5,37.62,United Kingdom,Credit Card,188.1,0.0
11768,Danielle Wood,2026-08-21,Marketplace,Electronics,3,256.24,Germany,Bank Transfer,768.72,187.72
11769,Ruben Howard,2026-08-21,Marketplace,Beauty,2,269.79,United States,Credit Card,539.58,208.08
11770,Carla Pope,2026-08-21,Retail Store,Home Goods,1,286.66,Australia,Credit Card,286.66,0.0
11771,David Hamilton,2026-08-21,Website,Sports,4,60.81,Australia,PayPal,243.24,0.0
11772,Roger Fox,2026-08-21,Website,Sports,3,182.09,Germany,Bank Transfer,546.27,0.0
11773,Jonathan Hinton,2026-08-21,Marketplace,Apparel,5,277.35,Canada,Bank Transfer,1386.75,0.0
11774,Andrea Christensen,2026-08-21,Website,Apparel,2,201.84,Australia,Gift Card,403.68,325.59
11775,Jean Frazier,2026-08-21,Marketplace,Electronics,4,153.71,France,Credit Card,614.84,0.0
11776,Robert Green,2026-08-21,Website,Beauty,1,287.65,Canada,Gift Card,287.65,0.0
11777,Darlene Cruz,2026-08-21,Marketplace,Home Goods,2,245.97,Canada,Bank Transfer,491.94,0.0
11778,Michael Parrish,2026-08-21,Website,Home Goods,5,169.55,Canada,PayPal,847.75,0.0
11779,Jacob Collier,2026-08-21,Website,Apparel,5,$12.86,United States,PayPal,64.3,0.0
11780,Gerald Bean,2026-08-21,Website,Electronics,2,311.58,France,Bank Transfer,623.16,0.0
11781,Christopher Coleman,2026-08-21,Website,Apparel,5,33.86,Germany,Credit Card,169.3,0.0
11782,,2026-08-21,Marketplace,Apparel,5,$310.74,United Kingdom,Gift Card,1553.7,0.0
11783,Mario Cook,2026-08-21,Marketplace,Beauty,2,163.98,United States,Bank Transfer,327.96,0.0
11784,Theresa Reed,2026-08-21,Website,Beauty,5,140.59,United Kingdom,Gift Card,702.95,0.0
11785,Jeremiah Williams,2026-08-21,Marketplace,Home Goods,3,34.51,France,Credit Card,103.53,0.0
11786,Bryan Phillips,2026-08-21,Retail Store,Beauty,4,249.97,United States,Gift Card,999.88,720.32
11787,Steven Stanley,2026-08-21,Marketplace,Beauty,3,259.49,United States,Gift Card,778.47,0.0
11788,Nathan Johnson,2026-08-21,Website,Electronics,3,327.38,Canada,Bank Transfer,982.14,0.0
11789,Charles Adams,2026-08-21,Marketplace,Sports,3,100.37,France,Bank Transfer,301.11,0.0
11790,Pamela Johnson,2026-08-21,Website,Apparel,2,$92.44,France,Gift Card,184.88,0.0
11791,William Pearson,2026-08-21,Marketplace,Electronics,5,137.42,Germany,Gift Card,687.1,0.0
11792,Evelyn Blake,"August 21, 2026",Marketplace,Electronics,2,117.23,France,Gift Card,234.46,0.0
11793,Alison Johnson,2026-08-21,Website,Beauty,3,213.83,Australia,PayPal,641.49,498.47
11794,Sarah Mejia,2026-08-21,Marketplace,Electronics,5,30.28,Canada,Gift Card,151.4,0.0
11795,Kathryn Taylor,2026-08-21,Website,Sports,2,14.72,Germany,Bank Transfer,29.44,0.0
11796,Robert Gonzalez,2026-08-21,Marketplace,Beauty,1,206.57,Australia,PayPal,206.57,0.0
11797,Maria Howard,2026-08-21,Website,Electronics,2,63.08,U.S.,Bank Transfer,126.16,0.0
11798,Jason Beck,2026-08-21,Marketplace,Beauty,3,177.29,Germany,PayPal,531.87,0.0
11799,John Jones,2026-08-21,Website,Beauty,4,277.71,Australia,Bank Transfer,1110.84,0.0
11800,Clayton Wells,2026-08-21,Website,Electronics,1,189.16,Canada,Gift Card,189.16,0.0
11801,Jessica Parker,2026-08-21,Website,Sports,4,325.23,Canada,Gift Card,1300.92,0.0
11802,Brian Dawson,2026-08-21,Website,Beauty,3,90.23,Australia,Gift Card,270.69,0.0
11803,Christopher Chavez,2026-08-21,Marketplace,Home Goods,-3,247.44,Britain,Gift Card,742.32,0.0
11804,Jamie Hansen,2026-08-21,Marketplace,Beauty,5,76.07,France,PayPal,380.35,0.0
11805,James Chaney,21-08-2026,Website,Sports,1237,49.15,United Kingdom,Credit Card,196.6,0.0
11806,William Anderson,2026-08-21,Marketplace,Sports,3,160.75,Germany,Gift Card,482.25,0.0
11807,Dustin Matthews Jr.,2026-08-21,Marketplace,Electronics,4,123.9,Germany,Bank Transfer,495.6,0.0
11808,Robert Marquez,2026-08-21,Retail Store,Apparel,5,170.55,Germany,Credit Card,852.75,0.0
11809,Garrett Jones,2026-08-21,Marketplace,Apparel,2,286.18,United States,Gift Card,572.36,0.0
11810,Haley Tucker,2026-08-21,Website,Beauty,4,253.64,United States,Bank Transfer,1014.56,0.0
11811,Elizabeth Sharp,2026-08-21,Marketplace,Home Goods,3,145.04,United Kingdom,Credit Card,435.12,0.0
11812,Jose Salazar,08/21/2026,Website,Home Goods,2,$98.3,United States,Gift Card,196.6,0.0
11813,Jennifer Estrada,2026-08-21,Website,Sports,3,125.64,Germany,Credit Card,376.92,0.0
11814,Catherine Watkins,2026-08-21,Website,Electronics,3,62.0,Germany,PayPal,186.0,0.0
11815,Shannon Willis,2026-08-21,Website,Apparel,5,295.56,Australia,PayPal,1477.8,0.0
11816,Jeffrey Smith,21-08-2026,Retail Store,Beauty,3,234.47,Australia,PayPal,703.41,0.0
11817,Travis Williams,08/21/2026,Website,Home Goods,5,94.66,United Kingdom,Credit Card,473.3,0.0
11818,Jon Williams,2026-08-21,Website,Electronics,5,277.66,United Kingdom,Credit Card,1388.3,0.0
11819,Laura Brooks,2026-08-21,Website,Sports,1,163.23,Germany,Gift Card,163.23,0.0
11820,Todd Bell,2026-08-21,Website,Apparel,2,248.98,United Kingdom,Gift Card,497.96,144.96
11821,Bradley Burton,08/21/2026,Website,Electronics,3,38.36,United States,Bank Transfer,115.08,0.0
11822,Leslie Ball,08/21/2026,Retail Store,Home Goods,3,92.71,France,Credit Card,278.13,0.0
11823,Patricia Collins,2026-08-21,Marketplace,Sports,1,122.78,United Kingdom,PayPal,122.78,0.0
11824,Jason Gibbs III,2026-08-21,Website,Apparel,3,$76.99,United States,Bank Transfer,230.97,205.31
11825,Mr. Zachary Hubbard,2026-08-21,Marketplace,Electronics,2,173.18,Australia,PayPal,346.36,0.0
11826,Nicholas Guerrero,2026-08-21,Marketplace,Sports,-3,$122.75,France,Gift Card,368.25,283.85
11827,William Randall,2026-08-21,Website,Electronics,4,249.33,Canada,PayPal,997.32,674.41
11828,Crystal Williams,2026-08-21,Website,Electronics,3,255.58,United Kingdom,Gift Card,766.74,0.0
11829,Alicia Wright,2026-08-21,Website,Sports,4,305.15,United States,Credit Card,1220.6,0.0
11830,Randy Shaffer,2026-08-21,Website,Electronics,4,23.57,France,Credit Card,94.28,0.0
11831,Samantha Petty MD,2026-08-21,Marketplace,Electronics,1,53.32,Germany,Bank Transfer,53.32,0.0
11832,Malik Miller,"August 21, 2026",Retail Store,Beauty,1,334.05,France,Gift Card,334.05,0.0
11833,Jason Decker,2026-08-21,Retail Store,Beauty,2,335.11,Australia,PayPal,670.22,0.0
11834,Ryan Barnes,2026-08-21,Marketplace,Apparel,1,14.23,United Kingdom,PayPal,14.23,0.0
11835,Jose Long,08/21/2026,Website,Electronics,4,345.08,United Kingdom,PayPal,1380.32,0.0
11836,Melinda Kemp,2026-08-21,Website,Electronics,4,222.76,Germany,Bank Transfer,891.04,0.0
11837,Paul Hayes,2026-08-21,Retail Store,Home Goods,2,84.55,United Kingdom,Credit Card,169.1,0.0
11838,Amy Murphy,"August 21, 2026",Retail Store,Sports,3,178.31,Canada,Bank Transfer,534.93,0.0
11839,Anthony Lawrence,2026-08-21,Website,Home Goods,5,261.86,Germany,Bank Transfer,1309.3,0.0
11840,Eric Lopez,2026-08-21,Marketplace,Apparel,1,225.94,France,Gift Card,225.94,0.0
11841,Joseph Morales,2026-08-21,Retail Store,Electronics,1,149.44,Germany,PayPal,149.44,0.0
11842,Angel Cole,2026-08-21,Website,Sports,3,313.25,United States,Credit Card,939.75,0.0
11843,Suzanne Hess,"August 21, 2026",Marketplace,Apparel,2,235.06,United States,Bank Transfer,470.12,0.0
11844,,2026-08-21,Retail Store,Beauty,2,12.46,Germany,PayPal,24.92,0.0
11845,Chelsea Guzman,"August 21, 2026",Website,Apparel,1,14.68,Germany,PayPal,14.68,0.0
11846,Robert Jones,2026-08-21,Website,Sports,5,74.49,United Kingdom,Gift Card,372.45,0.0
11847,Jeffery Lindsey,2026-08-21,Retail Store,Sports,3,238.43,France,Credit Card,715.29,478.52
11848,,2026-08-21,Retail Store,Electronics,2,233.51,France,Credit Card,467.02,0.0
11849,Ashley Dominguez,2026-08-21,Website,Beauty,4,119.82,France,Credit Card,479.28,0.0
11850,Robert Barnes,2026-08-21,Marketplace,Sports,1,238.01,France,Credit Card,238.01,0.0
11851,David Kane,2026-08-21,Marketplace,Electronics,4,25.38,United Kingdom,Gift Card,101.52,0.0
11852,David Pierce,2026-08-21,Marketplace,Sports,2,98.62,United States,Credit Card,197.24,0.0
11853,Barbara Bradford,2026-08-21,Marketplace,Electronics,3,57.22,United Kingdom,Bank Transfer,171.66,0.0
11854,Brian Lewis,2026-08-21,Marketplace,Electronics,-5,220.46,Germany,Bank Transfer,1102.3,0.0
11855,Jennifer Figueroa,2026-08-21,Marketplace,Apparel,1,195.83,Canada,Gift Card,195.83,87.38
11856,Breanna Cordova,2026-08-21,Marketplace,Apparel,2,214.67,Germany,Bank Transfer,429.34,0.0
11857,Anna Armstrong,2026-08-21,Website,Apparel,4,20.54,United Kingdom,PayPal,82.16,0.0
11858,Amy Lee,2026-08-21,Website,Apparel,2,169.41,United Kingdom,Credit Card,338.82,0.0
11859,Sandra Compton,2026-08-21,Website,Electronics,1,278.73,Germany,Bank Transfer,278.73,0.0
11860,Lori Romero,2026-08-21,Retail Store,Apparel,3,200.08,France,Bank Transfer,600.24,0.0
11861,Matthew Mitchell,2026-08-21,Website,Sports,1,253.68,Germany,Gift Card,253.68,0.0
11862,Jessica Brown,2026-08-21,Marketplace,Beauty,3,108.1,Germany,PayPal,324.3,0.0
11863,Kimberly Castro,2026-08-21,Retail Store,Electronics,1,283.09,Australia,Bank Transfer,283.09,0.0
11864,Ryan Watts,2026-08-21,Website,Apparel,4,182.7,United Kingdom,Credit Card,730.8,0.0
11865,Richard Morton,2026-08-21,Website,Home Goods,5,149.66,Canada,Bank Transfer,748.3,0.0
11866,Joshua Sims,2026-08-21,Website,Electronics,1,222.7,United States,PayPal,222.7,0.0
11867,Timothy Hayes,2026-08-21,Retail Store,Apparel,4,96.51,United Kingdom,Gift Card,386.04,0.0
11868,Raven Campbell,2026-08-21,Marketplace,Beauty,5,93.36,United Kingdom,Credit Card,466.8,0.0
11869,Doris Johnson,2026-08-21,Website,Home Goods,4,56.23,France,PayPal,224.92,0.0
11870,Jordan Carroll,2026-08-21,Website,Home Goods,5,222.36,United States,Gift Card,1111.8,0.0
11871,Elizabeth Callahan,2026-08-21,Website,Apparel,1,96.36,Australia,Credit Card,96.36,0.0
11872,Nicholas Cook,2026-08-21,Retail Store,Home Goods,3,214.91,France,PayPal,644.73,0.0
11873,Lisa Garcia,2026-08-21,Website,Home Goods,4,98.63,UK,PayPal,394.52,0.0
11874,Dawn Ochoa,2026-08-21,Retail Store,Beauty,1,292.0,Germany,Gift Card,292.0,0.0
11875,Teresa Garcia,2026-08-21,Marketplace,Sports,4,37.12,Australia,Credit Card,148.48,0.0
11876,Robert King,2026-08-21,Retail Store,Home Goods,-3,71.42,Canada,Gift Card,214.26,0.0
11877,Robert Brown,2026-08-21,Website,Electronics,2,321.88,United Kingdom,Gift Card,643.76,0.0
11878,Dawn Salazar,2026-08-21,Website,Sports,1800,248.09,France,Gift Card,496.18,0.0
11879,Timothy Obrien,"August 21, 2026",Website,Sports,3,316.07,United Kingdom,Credit Card,948.21,0.0
11880,Brandon Weaver,"August 21, 2026",Retail Store,Apparel,4,45.52,France,Bank Transfer,182.08,0.0
11881,Joseph Hahn,2026-08-21,Retail Store,Home Goods,5,33.09,Germany,Bank Transfer,165.45,0.0
11882,Laura Dean,08/21/2026,Website,Apparel,3,42.37,United States,PayPal,127.11,0.0
11883,Anthony Armstrong,2026-08-21,Website,Sports,1,$296.18,France,Credit Card,296.18,0.0
11884,Alexander Ibarra,2026-08-21,Marketplace,Apparel,3,336.5,France,Credit Card,1009.5,0.0
11885,Megan Ruiz,2026-08-21,Website,Apparel,3,111.74,United Kingdom,Credit Card,335.22,0.0
11886,,08/21/2026,Website,Sports,3,190.65,United States,Credit Card,571.95,0.0
11887,Kristin Moreno,2026-08-21,Website,Beauty,2,267.89,Germany,PayPal,535.78,0.0
11888,Nicholas Chambers,2026-08-21,Website,Apparel,4,18.09,France,Bank Transfer,72.36,0.0
11889,Jason Gonzalez,2026-08-21,Website,Beauty,1,$76.12,Canada,Gift Card,76.12,0.0
11890,Michael Gonzalez,2026-08-21,Marketplace,Apparel,1,94.54,France,Bank Transfer,94.54,0.0
11891,Ryan Martinez,08/21/2026,Marketplace,Beauty,1,240.26,United Kingdom,Gift Card,240.26,0.0
11892,Richard Velazquez,2026-08-21,Retail Store,Sports,1,$255.96,United States,Bank Transfer,255.96,0.0
11893,Lisa Riley,2026-08-21,Marketplace,Electronics,1,$152.77,United States,Bank Transfer,152.77,0.0
11894,Ruben Lee,2026-08-21,Website,Electronics,3,233.83,United Kingdom,Credit Card,701.49,0.0
11895,Valerie Delgado,2026-08-21,Website,Apparel,2,232.19,France,Credit Card,464.38,0.0
11896,Andrew Alvarez,"August 21, 2026",Website,Beauty,2,43.29,Germany,Bank Transfer,86.58,0.0
11897,John Johnson,2026-08-21,Retail Store,Home Goods,5,205.92,Canada,Credit Card,1029.6,0.0
11898,Kyle Wright,2026-08-21,Marketplace,Apparel,1,272.3,Australia,Credit Card,272.3,0.0
11899,Kristy Cummings,2026-08-21,Website,Sports,2,52.65,Canada,Gift Card,105.3,0.0
11900,Victor Gillespie,2026-08-21,Website,Home Goods,2,305.26,Australia,Bank Transfer,610.52,0.0
11901,Bryan Henderson,2026-08-21,Marketplace,Apparel,4,232.58,Germany,Gift Card,930.32,493.99
11902,Carol Brown,21-08-2026,Marketplace,Sports,4,91.95,United Kingdom,PayPal,367.8,0.0
11903,Andrew Brown,2026-08-21,Marketplace,Beauty,5,230.12,Australia,PayPal,1150.6,1668.155412368581
11904,William Young,2026-08-21,Retail Store,Home Goods,2,234.36,United Kingdom,PayPal,468.72,0.0
11905,William Wright,2026-08-21,Website,Apparel,3,109.24,Germany,Bank Transfer,327.72,0.0
11906,Mitchell Copeland,2026-08-21,Marketplace,Electronics,1,262.88,Australia,Credit Card,262.88,0.0
11907,Nicholas Larson,2026-08-21,Website,Sports,1,264.68,United Kingdom,PayPal,264.68,0.0
11908,Lindsay Robles,2026-08-21,Marketplace,Electronics,2,332.92,Australia,PayPal,665.84,0.0
11909,Victoria Morales,2026-08-21,Website,Home Goods,3,269.56,U.S.,PayPal,808.68,0.0
11910,Julie Herring,21-08-2026,Website,Electronics,1,188.44,Germany,Bank Transfer,188.44,0.0
11911,April Smith,2026-08-21,Website,Electronics,5,175.86,Canada,Bank Transfer,879.3,0.0
11912,James Leon,2026-08-21,Marketplace,Sports,3,91.98,United States,Credit Card,275.94,0.0
11913,Ronald Reid,2026-08-21,Website,Beauty,5,239.37,Germany,Credit Card,1196.85,0.0
11914,Anthony Sanford,2026-08-21,Website,Home Goods,5,64.29,France,Bank Transfer,321.45,0.0
11915,Stephanie Bernard,2026-08-21,Website,Sports,5,126.54,Australia,PayPal,632.7,0.0
11916,Robert Little,2026-08-21,Marketplace,Electronics,1,60.58,United Kingdom,Credit Card,60.58,0.0
11917,Alexander Taylor,2026-08-21,Website,Electronics,5,$212.33,Australia,Credit Card,1061.65,0.0
11918,Laura Campbell,2026-08-21,Website,Apparel,3,57.76,Germany,Bank Transfer,173.28,0.0
11919,Tracy Wilson,2026-08-21,Website,Apparel,2,287.64,Germany,Gift Card,575.28,0.0
11920,Alexandra Harrell,2026-08-21,Marketplace,Sports,3,$294.74,United States,Bank Transfer,884.22,0.0
11921,Kathy Nguyen,2026-08-21,Website,Sports,5,303.77,United States,Bank Transfer,1518.85,0.0
11922,William Smith,2026-08-21,Marketplace,Apparel,5,291.5,Canada,Credit Card,1457.5,0.0
11923,Mark Doyle,08/21/2026,Website,Apparel,1,113.93,United States,Credit Card,113.93,82.95
11924,Christopher Gordon,2026-08-21,Website,Sports,1,316.45,Australia,Bank Transfer,316.45,462.6487505349619
11925,Benjamin Tanner,2026-08-21,Website,Beauty,1,263.98,United Kingdom,Gift Card,263.98,0.0
11926,Donna Steele,2026-08-21,Website,Apparel,2,258.14,Australia,Credit Card,516.28,0.0
11927,Stephanie Fitzgerald,2026-08-21,Website,Apparel,1,235.51,Australia,PayPal,235.51,125.6
11928,Eric Hardy,2026-08-21,Website,Home Goods,2,78.81,U.S.,Bank Transfer,157.62,0.0
11929,Roberto Palmer,2026-08-21,Website,Beauty,4,150.15,Australia,PayPal,600.6,289.34
11930,Kendra Farrell,2026-08-21,Website,Sports,5,137.62,Germany,Gift Card,688.1,0.0
11931,Jennifer Marquez,2026-08-21,Website,Sports,4,112.74,United Kingdom,PayPal,450.96,0.0
11932,Mary Kelly,2026-08-21,Website,Electronics,4,333.34,United Kingdom,PayPal,1333.36,698.92
11933,Linda Cook,2026-08-21,Website,Home Goods,3,143.56,Germany,Credit Card,430.68,0.0
11934,Lauren Martin,2026-08-21,Website,Sports,2,264.27,United Kingdom,PayPal,528.54,0.0
11935,Sarah Peck,21-08-2026,Website,Electronics,2,108.09,Germany,Gift Card,216.18,0.0
11936,Jason Strong,08/21/2026,Marketplace,Beauty,3,$235.7,Germany,PayPal,707.1,0.0
11937,Jeremy Miranda,2026-08-21,Marketplace,Beauty,4,141.22,USA,PayPal,564.88,0.0
11938,Tammy Olson,2026-08-21,Website,Apparel,5,248.86,Australia,Bank Transfer,1244.3,0.0
11939,Mark Holmes,21-08-2026,Website,Home Goods,1,37.95,Australia,Gift Card,37.95,0.0
11940,Ms. Kimberly Curtis,2026-08-21,Marketplace,Electronics,4,140.23,Canada,Credit Card,560.92,0.0
11941,Sophia Daniel,2026-08-21,Retail Store,Sports,1,99.85,Germany,PayPal,99.85,0.0
11942,David Coleman,2026-08-21,Website,Beauty,3,50.26,Australia,Gift Card,150.78,0.0
11943,Nathan Kelly,2026-08-21,Website,Electronics,3,227.31,Australia,Credit Card,681.93,0.0
11944,Candace Gregory,2026-08-21,Website,Home Goods,4,147.12,United States,PayPal,588.48,0.0
11945,Angela Robinson,2026-08-21,Marketplace,Sports,3,227.35,France,Credit Card,682.05,0.0
11946,,2026-08-21,Website,Sports,3,320.89,Canada,PayPal,962.67,0.0
11947,Erin Berg,2026-08-21,Retail Store,Home Goods,3,271.21,USA,Gift Card,813.63,715.63
11948,Yolanda Sandoval,2026-08-21,Website,Apparel,1,64.8,Germany,Bank Transfer,64.8,37.63
11949,Benjamin Williams,2026-08-21,Marketplace,Home Goods,4,270.48,Canada,PayPal,1081.92,0.0
11950,Frank West,08/21/2026,Website,Electronics,5,314.6,Germany,PayPal,1573.0,0.0
11951,Alexander Huerta,2026-08-21,Website,Electronics,3,297.03,France,PayPal,891.09,408.76
11952,Kayla Walker,2026-08-21,Website,Beauty,1,303.59,France,Credit Card,303.59,164.68
11953,Joshua Walter,08/21/2026,Retail Store,Sports,4,327.93,France,PayPal,1311.72,0.0
11954,Karen Ramsey,2026-08-21,Website,Electronics,3,42.27,Australia,Gift Card,126.81,184.82744826226167
11955,Monica Jacobs,2026-08-21,Website,Home Goods,5,254.63,United States,PayPal,1273.15,0.0
11956,Frederick Jones,2026-08-21,Website,Sports,2,73.81,Germany,Gift Card,147.62,0.0
11957,Lindsay Russell,2026-08-21,Website,Sports,5,226.13,United States,Bank Transfer,1130.65,0.0
11958,Lori Johnson,2026-08-21,Website,Home Goods,1,302.29,Canada,PayPal,302.29,163.29
11959,Kim Anderson,2026-08-21,Website,Sports,3,27.73,France,Credit Card,83.19,0.0
11960,Jonathan Dorsey,2026-08-21,Retail Store,Sports,3,258.23,Germany,Credit Card,774.69,0.0
11961,Raymond Torres,2026-08-21,Retail Store,Home Goods,2,169.23,Canada,Gift Card,338.46,0.0
11962,Rachel Ray,2026-08-21,Website,Home Goods,3,101.06,Germany,Gift Card,303.18,0.0
11963,Dawn Ward,21-08-2026,Marketplace,Electronics,2,339.94,United States,Gift Card,679.88,0.0
11964,Heather Marsh,2026-08-21,Website,Beauty,1,115.25,Germany,Bank Transfer,115.25,0.0
11965,Dr. Seth Goodwin,2026-08-21,Marketplace,Sports,4,103.4,UK,Gift Card,413.6,0.0
11966,Robert Dean,2026-08-21,Retail Store,Beauty,4,271.86,Germany,PayPal,1087.44,436.33
11967,Tammie Cline,2026-08-21,Website,Apparel,5,139.78,United Kingdom,PayPal,698.9,0.0
11968,John Garcia,2026-08-21,Website,Apparel,4,274.36,France,Gift Card,1097.44,833.86
11969,Eric Thompson,08/21/2026,Marketplace,Electronics,1,$172.19,France,Gift Card,172.19,0.0
11970,Tim Hanson,2026-08-21,Marketplace,Beauty,3,129.86,France,Credit Card,389.58,0.0
11971,Marcus Harris,2026-08-21,Retail Store,Sports,4,23.92,Australia,Bank Transfer,95.68,0.0
11972,John Webster,2026-08-21,Website,Home Goods,3,158.7,Australia,Gift Card,476.1,0.0
11973,Deborah Fisher,2026-08-21,Website,Home Goods,4,55.58,United States,Credit Card,222.32,0.0
11974,Shawn Armstrong,2026-08-21,Website,Apparel,2,275.57,United States,Bank Transfer,551.14,0.0
11975,Krista Richardson,2026-08-21,Website,Sports,2,310.53,Germany,PayPal,621.06,0.0
11976,Elizabeth Walker,08/21/2026,Website,Beauty,1,257.42,United Kingdom,PayPal,257.42,0.0
11977,Danielle Thomas,2026-08-21,Marketplace,Beauty,1,26.39,Germany,Gift Card,26.39,0.0
11978,Laura Long,2026-08-21,Website,Home Goods,5,178.89,United States,PayPal,894.45,0.0
11979,Cindy Nixon,2026-08-21,Website,Beauty,1,165.89,France,Gift Card,165.89,0.0
11980,,2026-08-21,Website,Home Goods,3,57.42,United Kingdom,Bank Transfer,172.26,0.0
11981,Nicole Williams,2026-08-21,Website,Electronics,3,244.61,Canada,Gift Card,733.83,0.0
11982,Samuel Torres,2026-08-21,Marketplace,Home Goods,3,331.79,United Kingdom,PayPal,995.37,0.0
11983,Katrina May,2026-08-21,Retail Store,Beauty,3,112.53,United States,Credit Card,337.59,0.0
11984,Kevin Valencia,2026-08-21,Website,Sports,4,203.0,Germany,Bank Transfer,812.0,0.0
11985,Connor Kennedy,2026-08-21,Website,Home Goods,3,20.96,Canada,PayPal,62.88,0.0
11986,Brandon Harrison,2026-08-21,Website,Electronics,1,28.73,United Kingdom,Gift Card,28.73,0.0
11987,Brendan Hill,2026-08-21,Retail Store,Home Goods,1,20.51,United States,Bank Transfer,20.51,14.5
11988,Ronnie Schwartz,21-08-2026,Retail Store,Apparel,4,326.57,Canada,Gift Card,1306.28,0.0
11989,Tony Wood,2026-08-21,Retail Store,Sports,4,$157.17,United Kingdom,PayPal,628.68,475.07
11990,Andrew Dixon,2026-08-21,Website,Apparel,4,120.37,Australia,PayPal,481.48,0.0
11991,Rebecca Aguilar,2026-08-21,Website,Beauty,1,103.94,Germany,PayPal,103.94,17.23
11992,Ryan Gould MD,2026-08-21,Website,Apparel,2,68.15,United States,PayPal,136.3,32.69
11993,Thomas Ford,2026-08-21,Website,Beauty,2,50.64,Germany,PayPal,101.28,0.0
11994,Gregory Washington,21-08-2026,Retail Store,Apparel,1,187.99,Australia,Gift Card,187.99,0.0
11995,Mark Miller,2026-08-21,Marketplace,Beauty,3,66.31,United Kingdom,Credit Card,198.93,0.0
11996,Heather Davies,08/21/2026,Website,Home Goods,3,163.64,Canada,Credit Card,490.92,0.0
11997,Brian Bradley,2026-08-21,Website,Apparel,3,17.36,Germany,Gift Card,52.08,0.0
11998,Amy Arias,21-08-2026,Retail Store,Home Goods,2,328.19,Canada,PayPal,656.38,0.0
11999,,2026-08-21,Website,Apparel,2,$266.83,Germany,Bank Transfer,533.66,0.0
12000,David Medina,2026-08-21,Marketplace,Home Goods,2,205.86,United States,Credit Card,411.72,0.0
12001,Patricia Clark,2026-08-21,Marketplace,Home Goods,5,$221.75,Australia,Gift Card,1108.75,614.34
12002,Amanda Green,2026-08-21,Marketplace,Electronics,3,342.19,United States,PayPal,1026.57,0.0
12003,Christopher Bradley,"August 21, 2026",Marketplace,Apparel,4,173.9,Canada,PayPal,695.6,0.0
12004,Steve Diaz,2026-08-21,Marketplace,Apparel,4,257.73,Canada,PayPal,1030.92,0.0
12005,Jessica Morgan,2026-08-21,Marketplace,Home Goods,2,320.8,Germany,Credit Card,641.6,0.0
12006,Alexis Williams,2026-08-21,Website,Apparel,4,40.05,Germany,Credit Card,160.2,0.0
12007,Travis Johnson,2026-08-21,Marketplace,Beauty,1,162.34,United States,Gift Card,162.34,0.0
12008,Jack Richardson,2026-08-21,Website,Apparel,3,330.62,Canada,Credit Card,991.86,0.0
12009,Amy Pope,2026-08-21,Website,Home Goods,5,273.44,France,Credit Card,1367.2,0.0
12010,Lauren Smith,2026-08-21,Marketplace,Beauty,1,190.53,Canada,PayPal,190.53,0.0
12011,Emily Rosales,2026-08-21,Retail Store,Electronics,2,173.16,Germany,Credit Card,346.32,0.0
12012,Dr. Alyssa Boone MD,2026-08-21,Marketplace,Sports,1,174.66,France,Bank Transfer,174.66,70.55
12013,Brenda Butler,2026-08-21,Website,Apparel,3,129.29,Australia,Credit Card,387.87,0.0
12014,,2026-08-21,Marketplace,Apparel,3,248.76,Australia,Credit Card,746.28,0.0
12015,Luke Hill,2026-08-21,Retail Store,Electronics,1,132.26,Australia,Bank Transfer,132.26,0.0
12016,Justin Bender,21-08-2026,Website,Sports,5,269.98,U.K.,PayPal,1349.9,777.12
12017,Christopher Martin,2026-08-21,Website,Beauty,1,197.55,France,PayPal,197.55,0.0
12018,Marcus Richards,2026-08-21,Website,Home Goods,3,27.69,France,PayPal,83.07,0.0
12019,Susan Jones,2026-08-21,Marketplace,Electronics,3,$261.14,Canada,Bank Transfer,783.42,1094.3056165489672
12020,Taylor Buckley,2026-08-21,Website,Apparel,2,84.51,USA,Gift Card,169.02,0.0
12021,Mark Copeland,2026-08-21,Website,Electronics,4,330.14,France,PayPal,1320.56,262.21
12022,Mrs. Dawn Johnson,2026-08-21,Retail Store,Sports,4,189.78,Germany,Bank Transfer,759.12,0.0
12023,Megan Hall,2026-08-21,Website,Beauty,1,126.0,Germany,Credit Card,126.0,0.0
12024,Christopher Dawson,2026-08-21,Website,Apparel,2,148.51,Australia,Gift Card,297.02,0.0
12025,Stephen Miller,2026-08-21,Website,Electronics,3,22.35,Germany,Bank Transfer,67.05,0.0
12026,Thomas Johnson,2026-08-21,Website,Electronics,1,106.94,France,Gift Card,106.94,0.0
12027,Megan Rush,2026-08-21,Website,Apparel,2,32.16,United States,Gift Card,64.32,36.36
12028,April Thomas,2026-08-21,Website,Home Goods,2,138.79,France,Bank Transfer,277.58,222.18
12029,John Rodriguez,2026-08-21,Marketplace,Electronics,5,210.45,France,Bank Transfer,1052.25,0.0
12030,Randall Martin,2026-08-21,Marketplace,Apparel,1,115.64,Australia,Bank Transfer,115.64,57.13
12031,Brandi Williams,2026-08-21,Retail Store,Sports,4,138.54,France,Gift Card,554.16,0.0
12032,Tara Beck,2026-08-21,Retail Store,Beauty,-1,348.94,Canada,Gift Card,348.94,0.0
12033,Bruce Johnson,2026-08-21,Website,Electronics,3,156.52,Australia,PayPal,469.56,265.37
12034,Mark Hill,2026-08-21,Website,Home Goods,5,271.65,Canada,Gift Card,1358.25,0.0
12035,Trevor Oneill,2026-08-21,Marketplace,Home Goods,1,196.0,Germany,Gift Card,196.0,136.27
12036,Melinda Rojas,2026-08-21,Website,Beauty,1,198.13,United States,Credit Card,198.13,0.0
12037,Alan Walker,2026-08-21,Retail Store,Electronics,-5,124.95,United States,Bank Transfer,624.75,367.36
12038,Richard Gutierrez,2026-08-21,Website,Beauty,5,12.41,France,Gift Card,62.05,0.0
12039,Brenda White,2026-08-21,Website,Electronics,4,118.76,United States,Bank Transfer,475.04,294.05
12040,Amy Brown,2026-08-21,Website,Sports,5,324.33,United Kingdom,Credit Card,1621.65,0.0
12041,Henry Fowler,2026-08-21,Website,Electronics,4,165.54,France,Bank Transfer,662.16,0.0
12042,Stacy Warren,2026-08-21,Marketplace,Electronics,2,202.08,United Kingdom,PayPal,404.16,0.0
12043,Michael Meyer,2026-08-21,Website,Home Goods,3,40.66,United Kingdom,Gift Card,121.98,0.0
12044,Peter Mullins,2026-08-21,Retail Store,Beauty,4,285.68,United States,PayPal,1142.72,0.0
12045,Vincent Hill,2026-08-21,Marketplace,Apparel,2,215.34,Australia,PayPal,430.68,0.0
12046,,2026-08-21,Retail Store,Sports,4,248.55,Australia,Bank Transfer,994.2,748.86
12047,,2026-08-21,Retail Store,Apparel,5,290.81,United Kingdom,Gift Card,1454.05,0.0
12048,Michael Figueroa,2026-08-21,Marketplace,Sports,4,76.58,United States,Credit Card,306.32,0.0
12049,Keith Garcia,2026-08-21,Retail Store,Electronics,3,87.42,Australia,Credit Card,262.26,146.02
12050,Pamela White,2026-08-21,Marketplace,Home Goods,3,318.17,France,Bank Transfer,954.51,0.0
12051,Amy Jordan,2026-08-21,Website,Apparel,-4,$134.54,Canada,PayPal,538.16,0.0
12052,Joseph Smith,2026-08-21,Website,Beauty,3,169.08,France,Bank Transfer,507.24,264.48
12053,Paul Acosta,2026-08-21,Website,Home Goods,3,31.67,France,PayPal,95.01,0.0
12054,David Harmon,2026-08-21,Website,Home Goods,1,24.77,UK,Credit Card,24.77,0.0
12055,Anna Snyder,2026-08-21,Marketplace,Beauty,3,94.48,United States,Gift Card,283.44,0.0
12056,Dawn Bird,08/21/2026,Retail Store,Sports,5,73.51,United States,PayPal,367.55,0.0
12057,Jason White,2026-08-21,Marketplace,Sports,2,102.63,United States,Bank Transfer,205.26,0.0
12058,Adam Allen,2026-08-21,Website,Home Goods,3,301.37,Canada,Bank Transfer,904.11,0.0
12059,Cynthia Boyd,2026-08-21,Website,Electronics,1,188.49,Canada,Bank Transfer,188.49,0.0
12060,Lisa Nelson,2026-08-21,Retail Store,Beauty,5,109.96,United Kingdom,Credit Card,549.8,0.0
12061,Emily Greer,2026-08-21,Retail Store,Sports,1,40.84,United States,PayPal,40.84,0.0
12062,Michael Lee,2026-08-21,Website,Electronics,4,141.18,Australia,Gift Card,564.72,0.0
12063,Kristen Brown,2026-08-21,Website,Beauty,5,89.41,Canada,PayPal,447.05,0.0
12064,Emily Boone,2026-08-21,Website,Home Goods,4,318.41,United States,PayPal,1273.64,0.0
12065,Daniel Reyes,2026-08-21,Website,Sports,2,151.5,Germany,Gift Card,303.0,0.0
12066,Amanda Wilkerson,2026-08-21,Retail Store,Sports,2,340.49,Canada,PayPal,680.98,477.39
12067,Kenneth Gomez,2026-08-21,Website,Home Goods,5,346.94,United Kingdom,PayPal,1734.7,903.22
12068,Eric Swanson,2026-08-21,Website,Electronics,2,243.33,France,PayPal,486.66,0.0
12069,Ashley Kaiser,2026-08-21,Marketplace,Home Goods,4,321.32,United States,Credit Card,1285.28,0.0
12070,Ariel Taylor,2026-08-21,Website,Apparel,1,290.42,Australia,Bank Transfer,290.42,0.0
12071,Abigail King,2026-08-21,Website,Apparel,2,295.13,United States,Credit Card,590.26,398.27
12072,Sherry George,2026-08-21,Marketplace,Home Goods,1,$104.15,Canada,Gift Card,104.15,0.0
12073,Thomas Grant,2026-08-21,Website,Sports,2,10.64,United Kingdom,Credit Card,21.28,0.0
12074,Regina Sanchez,2026-08-21,Website,Electronics,4,282.46,United Kingdom,Gift Card,1129.84,0.0
12075,Keith Sanchez,2026-08-21,Website,Electronics,2,$348.17,U.K.,Credit Card,696.34,0.0
12076,Cynthia Morgan,2026-08-21,Website,Beauty,-2,293.54,United States,PayPal,587.08,0.0
12077,Anthony Davis,2026-08-21,Website,Apparel,1,14.37,United Kingdom,Gift Card,14.37,0.0
12078,Dr. Joel Robertson,2026-08-21,Website,Sports,5,304.22,US,Bank Transfer,1521.1,0.0
12079,Robert Roberson,2026-08-21,Website,Electronics,5,284.65,Canada,PayPal,1423.25,0.0
12080,David Cook,2026-08-21,Retail Store,Beauty,2,178.76,United Kingdom,Bank Transfer,357.52,0.0
12081,Doris Sparks,2026-08-21,Marketplace,Home Goods,5,$233.16,United States,Gift Card,1165.8,0.0
12082,Erin Foley,2026-08-21,Retail Store,Sports,5,$310.53,France,Bank Transfer,1552.65,0.0
12083,Paul Everett,2026-08-21,Retail Store,Beauty,3,124.98,France,Credit Card,374.94,0.0
12084,Leah Holloway,2026-08-21,Website,Apparel,1,220.65,France,Credit Card,220.65,0.0
12085,Matthew Ayala,2026-08-21,Website,Home Goods,5,137.09,United States,Credit Card,685.45,0.0
12086,Kathy Davis,2026-08-21,Retail Store,Beauty,2,140.82,Canada,Gift Card,281.64,0.0
12087,Christine Mason,2026-08-21,Website,Home Goods,3,291.02,France,Credit Card,873.06,0.0
12088,Patrick Edwards,2026-08-21,Marketplace,Sports,5,154.21,United Kingdom,Gift Card,771.05,294.8
12089,Melissa Moore,2026-08-21,Retail Store,Apparel,4,170.85,France,PayPal,683.4,0.0
12090,Martin Miller,2026-08-21,Website,Sports,2,27.55,United States,Gift Card,55.1,0.0
12091,Christopher Gray,2026-08-21,Marketplace,Apparel,3,323.44,France,PayPal,970.32,0.0
12092,Jerome Gonzalez,2026-08-21,Website,Sports,3,$127.5,United States,Credit Card,382.5,0.0
12093,Dawn Ruiz,2026-08-21,Website,Electronics,2,79.16,Germany,Gift Card,158.32,222.9500244076415
12094,,2026-08-21,Website,Beauty,3,113.61,United States,PayPal,340.83,0.0
12095,Kristine Aguirre,2026-08-21,Website,Apparel,2,311.35,Canada,Credit Card,622.7,0.0
12096,Richard Brown,2026-08-21,Website,Sports,1,197.56,United Kingdom,Bank Transfer,197.56,0.0
12097,Sheila Nguyen,2026-08-21,Marketplace,Electronics,3,140.55,Australia,Bank Transfer,421.65,293.49
12098,Paul Galloway,2026-08-21,Website,Electronics,4,88.83,Australia,Credit Card,355.32,0.0
12099,Stacy Hawkins,2026-08-21,Marketplace,Sports,1,31.96,USA,Gift Card,31.96,0.0
12100,Randy Ward,2026-08-21,Website,Beauty,5,11.36,Germany,PayPal,56.8,0.0
12101,Emily Williams,2026-08-21,Website,Home Goods,1,18.38,France,Bank Transfer,18.38,0.0
12102,Margaret Thomas,2026-08-21,Marketplace,Electronics,1,251.27,Canada,Credit Card,251.27,0.0
12103,Patricia Mayer,2026-08-21,Website,Apparel,4,129.16,Canada,Credit Card,516.64,0.0
12104,Laurie Francis,2026-08-21,Marketplace,Sports,2,41.24,United States,Bank Transfer,82.48,0.0
12105,April Tucker,2026-08-21,Website,Beauty,1,312.19,Australia,Credit Card,312.19,0.0
12106,Chloe Sullivan,"August 21, 2026",Website,Sports,5,206.42,Germany,Credit Card,1032.1,0.0
12107,Michael Hamilton,2026-08-21,Marketplace,Electronics,2,98.46,United Kingdom,Bank Transfer,196.92,174.82
12108,Elizabeth Richmond,2026-08-21,Website,Beauty,4,13.64,France,Credit Card,54.56,0.0
12109,Jasmine Peterson,21-08-2026,Marketplace,Home Goods,4,40.51,United Kingdom,Bank Transfer,162.04,0.0
12110,Erin Villarreal,2026-08-21,Website,Apparel,1,172.87,Canada,Credit Card,172.87,0.0
12111,Tim Hardin,2026-08-21,Website,Home Goods,4,55.69,Australia,Bank Transfer,222.76,0.0
12112,Kari Alvarado,2026-08-21,Marketplace,Electronics,1,55.12,United Kingdom,PayPal,55.12,0.0
12113,Brian Brady,2026-08-21,Marketplace,Beauty,2,206.24,United Kingdom,Gift Card,412.48,0.0
12114,Madison Hughes,2026-08-21,Website,Apparel,3,$48.38,Australia,PayPal,145.14,0.0
12115,Heather Carrillo,2026-08-21,Website,Beauty,4,88.25,France,Gift Card,353.0,0.0
12116,Richard Herrera,2026-08-21,Website,Beauty,3,213.53,Australia,Bank Transfer,640.59,0.0
12117,Erica Sanchez,2026-08-21,Marketplace,Home Goods,5,$20.75,United Kingdom,Bank Transfer,103.75,0.0
12118,Terry Garcia,2026-08-21,Website,Electronics,4,164.21,Canada,PayPal,656.84,0.0
12119,Ronald Jenkins,2026-08-21,Marketplace,Apparel,5,87.97,France,Credit Card,439.85,0.0
12120,Kristin Jones,2026-08-21,Retail Store,Home Goods,3,220.19,United States,Credit Card,660.57,0.0
12121,Bradley King,2026-08-21,Website,Sports,2,260.74,Germany,Gift Card,521.48,0.0
12122,Jeffrey Phillips,2026-08-21,Marketplace,Apparel,3,67.71,Canada,PayPal,203.13,226.92859591829716
12123,Stacey Jones,2026-08-21,Website,Beauty,2,303.53,Australia,Bank Transfer,607.06,0.0
12124,Brian James,2026-08-21,Website,Home Goods,3,$317.39,Canada,Gift Card,952.17,0.0
12125,Joanna Bryan,2026-08-21,Website,Apparel,1105,316.96,Canada,Gift Card,1267.84,0.0
12126,Mr. Thomas Clark,2026-08-21,Website,Sports,1,136.87,Australia,Bank Transfer,136.87,0.0
12127,Shane Stevenson,2026-08-21,Website,Electronics,1,300.48,United States,PayPal,300.48,0.0
12128,Janice Mcintyre,2026-08-21,Retail Store,Home Goods,1,123.13,Australia,Bank Transfer,123.13,0.0
12129,Whitney Chambers,2026-08-21,Retail Store,Apparel,1,144.41,France,Bank Transfer,144.41,129.1
12130,Derrick Dixon,2026-08-21,Retail Store,Electronics,5,118.24,France,Gift Card,591.2,0.0
12131,Kelly Burnett,2026-08-21,Retail Store,Electronics,4,279.28,Germany,Credit Card,1117.12,0.0
12132,Maria Thompson,2026-08-21,Website,Home Goods,2,239.68,Germany,Gift Card,479.36,0.0
12133,Jacob Ponce,2026-08-21,Marketplace,Beauty,1,199.33,United Kingdom,Credit Card,199.33,0.0
12134,,2026-08-21,Retail Store,Beauty,2,269.67,France,PayPal,539.34,0.0
12135,Maria Keller,2026-08-21,Website,Beauty,3,110.44,Australia,Gift Card,331.32,0.0
12136,Heather Hoffman,2026-08-21,Marketplace,Beauty,5,308.13,United Kingdom,Gift Card,1540.65,0.0
12137,Priscilla Villanueva,21-08-2026,Marketplace,Beauty,4,155.6,Britain,Gift Card,622.4,0.0
12138,Katherine Jones,2026-08-21,Website,Electronics,3,205.94,United Kingdom,Bank Transfer,617.82,0.0
12139,Harold Oconnor,2026-08-21,Marketplace,Home Goods,3,145.66,United Kingdom,Credit Card,436.98,0.0
12140,Charlene Rose,2026-08-21,Marketplace,Beauty,4,84.49,United States,Bank Transfer,337.96,0.0
12141,Michael Townsend,2026-08-21,Marketplace,Electronics,1,170.69,United Kingdom,Bank Transfer,170.69,0.0
12142,Danny Moore,2026-08-21,Website,Electronics,954,178.62,Australia,Bank Transfer,535.86,0.0
12143,David Cantu,2026-08-21,Retail Store,Electronics,4,$190.81,United Kingdom,PayPal,763.24,0.0
12144,Katrina Grant,2026-08-21,Website,Sports,2,280.79,Canada,PayPal,561.58,0.0
12145,Brittany Cole,2026-08-21,Marketplace,Sports,4,103.9,United States,Bank Transfer,415.6,0.0
12146,Donna Howell,2026-08-21,Website,Beauty,2,194.82,Australia,PayPal,389.64,278.99
12147,Edward Bailey,21-08-2026,Marketplace,Sports,3,273.76,United Kingdom,Gift Card,821.28,0.0
12148,Antonio Meyer,2026-08-21,Website,Electronics,4,319.93,United States,Gift Card,1279.72,0.0
12149,Kelly Garcia,2026-08-21,Marketplace,Apparel,3,276.48,United States,PayPal,829.44,0.0
12150,Jacob Burnett,2026-08-21,Marketplace,Home Goods,-3,91.2,United States,PayPal,273.6,0.0
12151,Erin Brown,2026-08-21,Website,Beauty,3,271.77,France,PayPal,815.31,0.0
12152,Heidi Warren,2026-08-21,Marketplace,Beauty,3,50.44,United States,Gift Card,151.32,0.0
12153,Robert Hicks,2026-08-21,Website,Apparel,4,57.45,Germany,Bank Transfer,229.8,0.0
12154,Aaron Le,2026-08-21,Website,Home Goods,1,231.8,Germany,Credit Card,231.8,0.0
12155,Brady Jackson,2026-08-21,Website,Electronics,-4,164.21,Canada,Bank Transfer,656.84,0.0
12156,Matthew Curry,2026-08-21,Website,Apparel,5,250.99,France,PayPal,1254.95,0.0
12157,Jose Morse,2026-08-21,Website,Sports,3,234.9,Canada,Bank Transfer,704.7,340.43
12158,Richard Vaughn,2026-08-21,Retail Store,Electronics,1,21.14,United States,PayPal,21.14,0.0
12159,Terry Rojas,2026-08-21,Website,Apparel,4,320.08,Canada,Gift Card,1280.32,0.0
12160,Claudia Marshall,2026-08-21,Marketplace,Apparel,2,39.12,France,PayPal,78.24,0.0
12161,Mary Bishop,2026-08-21,Marketplace,Home Goods,2,284.16,United Kingdom,Gift Card,568.32,134.1
12162,Bruce Bryan,2026-08-21,Marketplace,Apparel,2,341.64,France,PayPal,683.28,0.0
12163,Jacqueline Harris,2026-08-21,Marketplace,Electronics,1,182.35,Australia,Credit Card,182.35,0.0
12164,,2026-08-21,Website,Home Goods,4,198.06,France,Bank Transfer,792.24,0.0
12165,Candice Lawrence,2026-08-21,Retail Store,Apparel,5,112.72,United Kingdom,Gift Card,563.6,0.0
12166,,2026-08-21,Website,Beauty,1,$46.16,United States,Gift Card,46.16,0.0
12167,Evan Richard,2026-08-21,Retail Store,Beauty,2,332.39,Canada,Bank Transfer,664.78,0.0
12168,Cassidy Hill,2026-08-21,Website,Electronics,5,333.51,France,PayPal,1667.55,0.0
12169,Jason Freeman,08/21/2026,Website,Electronics,2,257.13,United States,Credit Card,514.26,0.0
12170,,2026-08-21,Website,Sports,1,60.09,United Kingdom,Credit Card,60.09,27.6
12171,Austin Crawford,2026-08-21,Marketplace,Home Goods,1,224.34,France,PayPal,224.34,0.0
12172,Aaron Brown,2026-08-21,Website,Apparel,3,20.72,Canada,Credit Card,62.16,0.0
12173,Robert Erickson,2026-08-21,Website,Home Goods,5,250.86,Canada,Credit Card,1254.3,0.0
12174,Justin Holt,2026-08-21,Website,Beauty,2,274.43,United Kingdom,Gift Card,548.86,0.0
12175,Bethany Avila,21-08-2026,Website,Apparel,2,115.69,Germany,Credit Card,231.38,0.0
12176,Michael Grant,2026-08-21,Website,Electronics,4,127.52,United Kingdom,Bank Transfer,510.08,0.0
12177,Jose Smith,2026-08-21,Retail Store,Electronics,5,235.77,Germany,Bank Transfer,1178.85,0.0
12178,Ralph Brown,2026-08-21,Website,Beauty,2,299.91,Canada,Bank Transfer,599.82,505.32
12179,David Oneill,2026-08-21,Website,Apparel,3,279.38,United Kingdom,PayPal,838.14,1249.5079682308378
12180,Cameron Thomas,2026-08-21,Marketplace,Electronics,2,106.2,France,Bank Transfer,212.4,0.0
12181,Amber Wells,2026-08-21,Website,Beauty,4,75.25,France,Credit Card,301.0,0.0
12182,Cassandra Valdez,"August 21, 2026",Marketplace,Sports,5,$133.95,Canada,Credit Card,669.75,0.0
12183,Debra Erickson,2026-08-21,Website,Electronics,5,335.56,Canada,PayPal,1677.8,1205.5
12184,Erica Rogers,2026-08-21,Retail Store,Apparel,4,147.06,France,PayPal,588.24,0.0
12185,John Graham,08/21/2026,Website,Electronics,2,19.85,United Kingdom,Credit Card,39.7,0.0
12186,Donna Davis,2026-08-21,Website,Home Goods,3,242.2,United States,PayPal,726.6,324.98
12187,Riley Tucker,2026-08-21,Website,Home Goods,4,109.91,United Kingdom,Bank Transfer,439.64,0.0
12188,Denise Patel,2026-08-21,Marketplace,Beauty,1,307.39,Australia,PayPal,307.39,0.0
12189,Rebecca Black,2026-08-21,Website,Sports,5,42.69,United Kingdom,Credit Card,213.45,173.75
12190,Ricardo Simpson,2026-08-21,Website,Home Goods,2,222.33,Germany,Bank Transfer,444.66,0.0
12191,Sara Taylor,2026-08-21,Website,Electronics,4,344.0,Germany,PayPal,1376.0,233.52
12192,Colleen Palmer,2026-08-21,Marketplace,Home Goods,3,308.83,France,Credit Card,926.49,0.0
12193,Kathy Morton,2026-08-21,Website,Apparel,2,219.43,France,PayPal,438.86,0.0
12194,,2026-08-21,Website,Home Goods,3,60.12,United States,Credit Card,180.36,0.0
12195,Jessica Vaughan,2026-08-21,Website,Sports,5,313.79,Canada,Bank Transfer,1568.95,2247.612182289898
12196,Eric Cordova,"August 21, 2026",Website,Beauty,5,68.16,Australia,Gift Card,340.8,0.0
12197,Connie Poole,2026-08-21,Marketplace,Beauty,4,30.78,Germany,Bank Transfer,123.12,0.0
12198,Charles Johnson,2026-08-21,Retail Store,Electronics,3,100.69,Germany,Credit Card,302.07,0.0
12199,Randy Moreno,2026-08-21,Retail Store,Home Goods,3,86.07,Australia,PayPal,258.21,0.0
12200,Colin Archer,2026-08-21,Retail Store,Electronics,3,251.66,United States,PayPal,754.98,0.0
12201,Lisa Williams,21-08-2026,Website,Beauty,5,274.84,France,Bank Transfer,1374.2,0.0
12202,Christine Frank,2026-08-21,Marketplace,Home Goods,2,155.01,United States,Bank Transfer,310.02,0.0
12203,Tyler Vincent,2026-08-21,Website,Apparel,4,250.65,Australia,Gift Card,1002.6,0.0
12204,Aaron Roman,"August 21, 2026",Marketplace,Home Goods,1,171.97,Canada,Credit Card,171.97,0.0
12205,Tiffany Reed,2026-08-21,Marketplace,Apparel,5,203.31,Canada,PayPal,1016.55,0.0
12206,,2026-08-21,Website,Beauty,4,$298.14,Canada,Bank Transfer,1192.56,0.0
12207,Heather Beard,2026-08-21,Retail Store,Home Goods,1,46.6,Canada,Gift Card,46.6,7.63
12208,Morgan Hernandez,2026-08-21,Website,Beauty,4,282.9,United Kingdom,Credit Card,1131.6,0.0
12209,Seth Smith,2026-08-21,Website,Apparel,3,245.49,Germany,Credit Card,736.47,0.0
12210,Casey Stephenson,2026-08-21,Website,Apparel,4,100.77,Germany,PayPal,403.08,314.09
12211,Brenda Gould,2026-08-21,Marketplace,Home Goods,1,$303.15,United Kingdom,Bank Transfer,303.15,0.0
12212,Rebecca Parker,2026-08-21,Marketplace,Beauty,1,$180.09,United Kingdom,Gift Card,180.09,0.0
12213,John Alvarez,2026-08-21,Website,Electronics,4,$301.68,Australia,PayPal,1206.72,839.52
12214,Jennifer Watson,"August 21, 2026",Website,Apparel,5,67.55,Germany,Bank Transfer,337.75,0.0
12215,Austin Martinez,2026-08-21,Marketplace,Beauty,1,304.9,Germany,Credit Card,304.9,0.0
12216,Jacob Fletcher,2026-08-21,Website,Apparel,5,$308.73,Canada,PayPal,1543.65,0.0
12217,Holly Munoz,2026-08-21,Marketplace,Beauty,3,173.55,Australia,Bank Transfer,520.65,0.0
12218,Marie Shelton,2026-08-21,Website,Electronics,5,249.09,Canada,Credit Card,1245.45,0.0
12219,Angelica Mcdonald DDS,2026-08-21,Website,Beauty,2,195.04,United Kingdom,Credit Card,390.08,0.0
12220,Cody Andrews,2026-08-21,Website,Home Goods,3,257.73,United States,PayPal,773.19,0.0
12221,Gary Thomas,2026-08-21,Website,Electronics,5,72.81,Australia,Bank Transfer,364.05,0.0
12222,Christian Dunn,2026-08-21,Retail Store,Beauty,2,159.47,Australia,PayPal,318.94,0.0
12223,Tim Webster,2026-08-21,Website,Beauty,2,331.59,Britain,Credit Card,663.18,0.0
12224,Taylor Daniels,2026-08-21,Website,Sports,2,268.41,Canada,PayPal,536.82,0.0
12225,Janet Shepherd,2026-08-21,Website,Home Goods,1,23.24,United States,Gift Card,23.24,0.0
12226,Nicholas Davis,2026-08-21,Website,Beauty,1,59.12,France,Gift Card,59.12,0.0
12227,Elizabeth Grant,2026-08-21,Website,Home Goods,5,172.73,Australia,Bank Transfer,863.65,155.05
12228,Dawn Wilson,2026-08-21,Website,Sports,2,$269.52,United States,Gift Card,539.04,0.0
12229,Cassandra Hughes,2026-08-21,Website,Sports,3,67.12,United Kingdom,Gift Card,201.36,0.0
12230,Anthony Ramos,2026-08-21,Retail Store,Home Goods,4,29.54,France,Credit Card,118.16,0.0
12231,Christopher Simpson,2026-08-21,Website,Apparel,1,33.34,France,Bank Transfer,33.34,0.0
12232,Lisa Walsh,2026-08-21,Marketplace,Sports,3,81.17,Germany,Credit Card,243.51,0.0
12233,Ronald Washington,21-08-2026,Website,Sports,1,308.57,Australia,Gift Card,308.57,0.0
12234,Angela Walker,21-08-2026,Retail Store,Home Goods,1,256.81,Canada,Gift Card,256.81,0.0
12235,Bonnie Martin,2026-08-21,Website,Home Goods,1,154.53,Australia,Bank Transfer,154.53,0.0
12236,Makayla Poole,2026-08-21,Website,Sports,1,$66.53,France,Bank Transfer,66.53,0.0
12237,,2026-08-21,Website,Electronics,3,61.02,Canada,Gift Card,183.06,0.0
12238,Michael Mitchell,2026-08-21,Website,Electronics,2,$194.33,Canada,PayPal,388.66,211.79
12239,,21-08-2026,Website,Beauty,5,222.2,United States,Bank Transfer,1111.0,0.0
12240,Douglas Tran,2026-08-21,Website,Home Goods,3,240.64,Australia,Bank Transfer,721.92,0.0
12241,Stephanie Hodge,2026-08-21,Website,Electronics,2,51.1,United Kingdom,PayPal,102.2,0.0
12242,Calvin Thomas,2026-08-21,Website,Apparel,2,215.11,United States,PayPal,430.22,0.0
12243,Timothy Sutton,2026-08-21,Marketplace,Sports,2,38.39,Germany,PayPal,76.78,0.0
12244,Melissa Torres,2026-08-21,Website,Sports,1,142.36,Canada,Credit Card,142.36,0.0
12245,,21-08-2026,Marketplace,Apparel,2,166.16,United Kingdom,Credit Card,332.32,0.0
12246,Jill Jackson,2026-08-21,Website,Sports,3,233.81,Canada,PayPal,701.43,562.26
12247,Timothy Grimes,2026-08-21,Marketplace,Electronics,-2,217.09,Canada,Credit Card,434.18,0.0
12248,Melanie Gomez,2026-08-21,Marketplace,Home Goods,1,306.57,France,Gift Card,306.57,0.0
12249,Linda Garcia,2026-08-21,Marketplace,Apparel,4,78.53,United Kingdom,PayPal,314.12,400.23113795673623
12250,Trevor Williams,2026-08-21,Website,Electronics,1,268.33,France,Credit Card,268.33,230.37
12251,Steven Fletcher,2026-08-21,Website,Home Goods,1,187.66,United Kingdom,Gift Card,187.66,0.0
12252,Stacy Cook,2026-08-21,Website,Apparel,3,332.17,France,Bank Transfer,996.51,0.0
12253,,2026-08-21,Website,Electronics,3,12.97,Australia,PayPal,38.91,24.1
12254,Misty Lane,2026-08-21,Website,Home Goods,2,287.66,France,Gift Card,575.32,0.0
12255,Christina Ewing,2026-08-21,Retail Store,Beauty,4,304.9,Australia,Credit Card,1219.6,0.0
12256,Scott Patterson,2026-08-21,Website,Home Goods,1,243.53,France,PayPal,243.53,144.93
12257,Robert Hunter,2026-08-21,Marketplace,Electronics,1,323.56,United States,Credit Card,323.56,0.0
12258,Robin Nguyen,2026-08-21,Website,Beauty,5,180.64,Canada,Gift Card,903.2,0.0
12259,,2026-08-21,Retail Store,Home Goods,5,64.23,France,Bank Transfer,321.15,0.0
12260,Amanda Benjamin,"August 21, 2026",Website,Home Goods,-4,77.66,Canada,Credit Card,310.64,145.89
12261,Grace Freeman,2026-08-21,Website,Beauty,4,182.33,United States,Gift Card,729.32,0.0
12262,Matthew Kemp,2026-08-21,Website,Beauty,3,313.16,Germany,Credit Card,939.48,0.0
12263,Debra Hernandez,2026-08-21,Website,Sports,4,324.49,United States,PayPal,1297.96,0.0
12264,Robin Diaz,2026-08-21,Website,Beauty,3,335.44,Australia,Gift Card,1006.32,0.0
12265,Justin Russell,2026-08-21,Retail Store,Apparel,2,112.17,Germany,PayPal,224.34,0.0
12266,Glenn Taylor,08/21/2026,Marketplace,Sports,1,311.13,Germany,Gift Card,311.13,0.0
12267,Erik Donaldson,2026-08-21,Website,Beauty,2,73.61,Canada,Credit Card,147.22,0.0
12268,Brent Robinson,2026-08-21,Marketplace,Apparel,3,296.23,United States,Credit Card,888.69,0.0
12269,Claire Thompson,2026-08-21,Website,Apparel,4,349.92,Germany,PayPal,1399.68,0.0
12270,Timothy Oliver,2026-08-21,Website,Apparel,5,33.83,Germany,Bank Transfer,169.15,0.0
12271,Kenneth Duran,2026-08-21,Retail Store,Sports,1289,36.88,Australia,Bank Transfer,184.4,0.0
12272,Cheryl Walker,2026-08-21,Website,Beauty,5,326.1,Canada,Credit Card,1630.5,0.0
12273,Jamie Finley,2026-08-21,Marketplace,Apparel,2,196.92,France,PayPal,393.84,0.0
12274,Jennifer Silva,2026-08-21,Website,Electronics,1,$142.0,United States,Gift Card,142.0,0.0
12275,Traci Garcia,2026-08-21,Website,Electronics,3,39.21,US,Bank Transfer,117.63,0.0
12276,Emily Bell,2026-08-21,Retail Store,Home Goods,2,205.93,United Kingdom,Credit Card,411.86,204.46
12277,Ethan Miller,2026-08-21,Marketplace,Sports,4,207.83,Germany,Bank Transfer,831.32,0.0
12278,Jordan Gonzalez,2026-08-21,Website,Home Goods,4,265.51,Australia,Gift Card,1062.04,0.0
12279,Ryan Horton,2026-08-21,Marketplace,Beauty,3,107.02,United States,PayPal,321.06,0.0
12280,Cassandra Craig,2026-08-21,Website,Beauty,3,176.11,France,PayPal,528.33,0.0
12281,James Gutierrez,08/21/2026,Website,Home Goods,2,308.47,Germany,Gift Card,616.94,199.68
12282,Jessica Mckinney,2026-08-21,Marketplace,Electronics,4,184.82,Germany,PayPal,739.28,0.0
12283,Sarah Ochoa,2026-08-21,Website,Sports,1,128.45,France,Gift Card,128.45,0.0
12284,Jo Jackson,2026-08-21,Marketplace,Apparel,2,278.4,United Kingdom,Credit Card,556.8,0.0
12285,Claudia Fischer,2026-08-21,Website,Electronics,2,9.27,Canada,Credit Card,18.54,0.0
12286,James Anderson,2026-08-21,Website,Electronics,2,201.16,United States,Credit Card,402.32,0.0
12287,Xavier King,2026-08-21,Retail Store,Electronics,4,342.99,United Kingdom,Gift Card,1371.96,687.64
12288,Kevin Sanders,2026-08-21,Website,Electronics,3,205.12,Australia,Bank Transfer,615.36,0.0
12289,Dr. Miguel Oconnell,2026-08-21,Marketplace,Beauty,4,311.49,France,Gift Card,1245.96,0.0
12290,Kyle Faulkner,2026-08-21,Retail Store,Home Goods,4,137.5,France,Credit Card,550.0,0.0
12291,Michael Ferguson,2026-08-21,Marketplace,Electronics,3,300.16,United States,Credit Card,900.48,0.0
12292,Cheryl Richardson,2026-08-21,Retail Store,Home Goods,4,132.11,Australia,Gift Card,528.44,0.0
12293,Alison Smith,2026-08-21,Website,Home Goods,2,$240.24,Canada,Gift Card,480.48,0.0
12294,Brittany Johnson,2026-08-21,Website,Apparel,1,$16.09,United States,PayPal,16.09,0.0
12295,Michael Macdonald,2026-08-21,Marketplace,Apparel,1,164.31,Germany,Gift Card,164.31,0.0
12296,Angela Marshall,"August 21, 2026",Website,Sports,3,208.08,France,Credit Card,624.24,0.0
12297,Mario Rosario,2026-08-21,Retail Store,Apparel,4,$13.76,Australia,PayPal,55.04,0.0
12298,Anne West,2026-08-21,Marketplace,Apparel,5,308.61,Germany,Credit Card,1543.05,0.0
12299,Dr. Philip Miller,2026-08-21,Marketplace,Home Goods,1,252.65,Canada,Bank Transfer,252.65,28.14
12300,Charles Higgins Jr.,2026-08-21,Marketplace,Beauty,4,244.44,United States,PayPal,977.76,0.0
12301,Carl Campbell,2026-08-21,Website,Apparel,4,12.47,United States,PayPal,49.88,32.47
12302,Alan Johnson,2026-08-21,Website,Sports,3,100.44,U.K.,PayPal,301.32,0.0
12303,Jonathan Doyle,21-08-2026,Website,Electronics,1,$310.29,Germany,Gift Card,310.29,0.0
12304,Douglas Jackson,21-08-2026,Website,Electronics,5,273.73,United Kingdom,Credit Card,1368.65,0.0
12305,Steven Rhodes,2026-08-21,Website,Electronics,-2,12.14,Australia,Gift Card,24.28,0.0
12306,Jessica Griffin,2026-08-21,Marketplace,Electronics,2,$328.63,United States,Bank Transfer,657.26,0.0
12307,Kristy Hogan,2026-08-21,Website,Home Goods,2,43.31,Canada,PayPal,86.62,0.0
12308,Shawn Cunningham,08/21/2026,Retail Store,Home Goods,3,262.03,United States,PayPal,786.09,0.0
12309,Curtis Lewis DVM,2026-08-21,Website,Apparel,4,55.18,Canada,Gift Card,220.72,0.0
12310,Glenn Gonzalez,2026-08-21,Website,Apparel,1,345.86,United Kingdom,Gift Card,345.86,0.0
12311,Nichole Medina,2026-08-21,Retail Store,Electronics,2,212.19,United Kingdom,Credit Card,424.38,0.0
12312,Rebecca Thomas,2026-08-21,Marketplace,Sports,1,190.61,France,PayPal,190.61,0.0
12313,Rachel Stanley,2026-08-21,Website,Sports,4,92.78,Germany,PayPal,371.12,0.0
12314,Michael Hughes,2026-08-21,Marketplace,Electronics,1,160.83,Germany,Bank Transfer,160.83,0.0
12315,Angela Fox,2026-08-21,Website,Sports,5,155.5,France,Gift Card,777.5,0.0
12316,Darren Jordan,2026-08-21,Website,Electronics,4,31.68,France,PayPal,126.72,0.0
12317,Sherry Waters,2026-08-21,Retail Store,Apparel,5,175.64,Australia,Bank Transfer,878.2,200.45
12318,Henry Bradley,2026-08-21,Retail Store,Sports,5,49.49,United Kingdom,Gift Card,247.45,148.19
12319,Kimberly Jackson,2026-08-21,Marketplace,Electronics,3,72.93,Germany,Bank Transfer,218.79,0.0
12320,Robert Scott,2026-08-21,Website,Electronics,5,169.95,United States,Bank Transfer,849.75,0.0
12321,Thomas Ford,2026-08-21,Website,Beauty,3,119.49,Germany,Bank Transfer,358.47,0.0
12322,Craig Short MD,2026-08-21,Website,Apparel,3,89.19,Canada,Credit Card,267.57,0.0
12323,Sarah Wright,2026-08-21,Website,Beauty,4,186.46,Australia,Bank Transfer,745.84,0.0
12324,Devin Lewis,2026-08-21,Retail Store,Apparel,2,167.66,Canada,Gift Card,335.32,0.0
12325,Karen Garcia,2026-08-21,Website,Electronics,2,78.89,United Kingdom,PayPal,157.78,0.0
12326,Benjamin Butler,2026-08-21,Website,Beauty,1,164.8,Canada,PayPal,164.8,0.0
12327,Dennis Delgado,2026-08-21,Marketplace,Beauty,5,57.51,United Kingdom,Credit Card,287.55,0.0
12328,Casey Richardson,2026-08-21,Website,Electronics,5,19.42,U.K.,Gift Card,97.1,0.0
12329,Rachel Lopez,2026-08-21,Marketplace,Beauty,2,208.79,Germany,Gift Card,417.58,131.05
12330,Gina Barrera,2026-08-21,Website,Apparel,5,$29.66,United Kingdom,PayPal,148.3,0.0
12331,Tanner Carpenter,08/21/2026,Website,Home Goods,4,67.1,United Kingdom,Gift Card,268.4,0.0
12332,Elizabeth Pollard,"August 21, 2026",Website,Beauty,5,255.63,United Kingdom,Bank Transfer,1278.15,0.0
12333,Jessica Blake,2026-08-21,Website,Sports,5,104.86,France,PayPal,524.3,166.21
12334,Dana Taylor,21-08-2026,Website,Sports,3,151.35,Canada,Bank Transfer,454.05,0.0
12335,Terrence Smith,2026-08-21,Retail Store,Sports,1,221.94,Canada,Credit Card,221.94,0.0
12336,Amy Turner,2026-08-21,Marketplace,Sports,-5,78.89,United Kingdom,Credit Card,394.45,0.0
12337,Daniel Brock,2026-08-21,Marketplace,Sports,3,27.77,United Kingdom,PayPal,83.31,66.55
12338,Lisa Alvarez,2026-08-21,Website,Sports,5,250.66,United States,Gift Card,1253.3,562.52
12339,Kevin Bender DDS,2026-08-21,Marketplace,Home Goods,4,58.02,United Kingdom,Credit Card,232.08,0.0
12340,Tara Gamble,2026-08-21,Website,Electronics,3,256.43,France,PayPal,769.29,0.0
12341,Clarence Lee,2026-08-21,Website,Electronics,4,$334.49,Australia,PayPal,1337.96,0.0
12342,Gary Foster,2026-08-21,Marketplace,Beauty,5,152.18,Australia,Gift Card,760.9,123.57
12343,Emily Ortiz,2026-08-21,Marketplace,Sports,5,200.75,United Kingdom,PayPal,1003.75,0.0
12344,Robert Miller,08/21/2026,Retail Store,Home Goods,4,196.44,France,PayPal,785.76,0.0
12345,Javier Hines,2026-08-21,Marketplace,Home Goods,5,127.88,France,Gift Card,639.4,0.0
12346,Mark Ryan,2026-08-21,Website,Home Goods,1,146.54,United States,Gift Card,146.54,0.0
12347,Rebecca Williams,2026-08-21,Website,Electronics,-5,121.25,Australia,Bank Transfer,606.25,0.0
12348,Sarah Brown,2026-08-21,Website,Apparel,4,345.59,United States,PayPal,1382.36,0.0
12349,Mary Rivers,2026-08-21,Website,Electronics,4,349.21,Canada,PayPal,1396.84,0.0
12350,Michael Hernandez,2026-08-21,Website,Sports,1,221.06,Australia,Credit Card,221.06,0.0
12351,Mr. Nicholas Johnson Jr.,2026-08-21,Website,Electronics,5,60.05,Australia,Bank Transfer,300.25,0.0
12352,David Ware,2026-08-21,Website,Beauty,1,256.72,Australia,Gift Card,256.72,0.0
12353,Ruth Fox,2026-08-21,Marketplace,Sports,1,150.51,Germany,Gift Card,150.51,0.0
12354,Debra Foster,2026-08-21,Retail Store,Beauty,1,248.85,United Kingdom,Credit Card,248.85,88.63
12355,Suzanne Rogers,2026-08-21,Marketplace,Sports,1,257.11,United Kingdom,Gift Card,257.11,0.0
12356,Kimberly Rowe DDS,08/21/2026,Website,Home Goods,1,345.35,United States,Gift Card,345.35,0.0
12357,Vanessa Cook,2026-08-21,Website,Home Goods,1,22.71,Germany,Bank Transfer,22.71,10.78
12358,Karen Gonzalez,2026-08-21,Website,Sports,1,179.11,Australia,Gift Card,179.11,0.0
12359,Bethany Kelly,2026-08-21,Website,Apparel,3,$245.85,United Kingdom,PayPal,737.55,0.0
12360,Kelly Ramirez,2026-08-21,Retail Store,Home Goods,2,124.71,Germany,Bank Transfer,249.42,0.0
12361,Ryan Davis,2026-08-21,Website,Electronics,3,36.31,Australia,Credit Card,108.93,47.99
12362,Madison Bailey,2026-08-21,Marketplace,Home Goods,5,147.44,United States,Gift Card,737.2,0.0
12363,Caroline Mclaughlin,2026-08-21,Website,Home Goods,1512,$196.25,France,Gift Card,392.5,0.0
12364,Keith Stanton,2026-08-21,Website,Beauty,3,310.77,United States,Gift Card,932.31,0.0
12365,Scott Martinez,2026-08-21,Marketplace,Beauty,2,222.26,Germany,PayPal,444.52,251.83
12366,Connie Hayes,2026-08-21,Website,Electronics,4,$125.44,Germany,Credit Card,501.76,0.0
12367,Brandon Davidson,2026-08-21,Website,Electronics,4,217.23,Australia,Credit Card,868.92,0.0
12368,Richard Clark,2026-08-21,Marketplace,Electronics,2,214.61,France,Bank Transfer,429.22,0.0
12369,Michelle Wilson,2026-08-21,Website,Apparel,4,$168.77,United Kingdom,PayPal,675.08,0.0
12370,Mary Whitney,2026-08-21,Website,Home Goods,5,303.64,France,Bank Transfer,1518.2,0.0
12371,Sandra Fisher,2026-08-21,Website,Beauty,3,223.68,United States,PayPal,671.04,0.0
12372,Stephanie Norman,2026-08-21,Website,Apparel,3,307.39,Germany,PayPal,922.17,0.0
12373,Gregory Hinton,2026-08-21,Website,Sports,5,66.76,Canada,PayPal,333.8,0.0
12374,Mary Ferguson,2026-08-21,Website,Beauty,3,42.11,United States,PayPal,126.33,0.0
12375,Joshua Dean,2026-08-21,Retail Store,Apparel,4,249.23,Australia,Bank Transfer,996.92,0.0
12376,Gregory Hill,2026-08-21,Website,Beauty,2,48.07,Germany,Gift Card,96.14,0.0
12377,Kelli Hall,2026-08-21,Website,Home Goods,3,80.34,France,Bank Transfer,241.02,0.0
12378,Paul Cline,2026-08-21,Marketplace,Beauty,3,11.42,Australia,Gift Card,34.26,0.0
12379,Christopher Lucero,2026-08-21,Marketplace,Sports,5,253.15,United States,Bank Transfer,1265.75,0.0
12380,Laura Hopkins,2026-08-21,Marketplace,Apparel,3,190.36,France,Credit Card,571.08,0.0
12381,Jordan Campbell,2026-08-21,Retail Store,Apparel,579,63.89,Canada,PayPal,127.78,0.0
12382,Bonnie Johnson,2026-08-21,Website,Electronics,5,192.3,France,Credit Card,961.5,0.0
12383,,08/21/2026,Website,Electronics,5,81.43,United States,Bank Transfer,407.15,0.0
12384,Sarah Cooper,2026-08-21,Marketplace,Home Goods,2,209.45,France,Credit Card,418.9,0.0
12385,Kathleen Owen,2026-08-21,Retail Store,Electronics,5,286.97,France,Gift Card,1434.85,0.0
12386,Jasmine Vargas,2026-08-21,Website,Beauty,5,88.64,Canada,Gift Card,443.2,0.0
12387,Nicole Jones,2026-08-21,Marketplace,Sports,1,156.75,United States,Gift Card,156.75,0.0
12388,Suzanne Martinez,2026-08-21,Website,Sports,1572,225.35,United Kingdom,PayPal,901.4,0.0
12389,Deborah Burns,2026-08-21,Website,Home Goods,5,80.42,Australia,PayPal,402.1,130.64
12390,Katherine Myers,2026-08-21,Marketplace,Apparel,2,305.07,United Kingdom,Credit Card,610.14,0.0
12391,Lisa Morrison,2026-08-21,Marketplace,Apparel,3,177.98,Germany,Bank Transfer,533.94,0.0
12392,Scott Pacheco,08/21/2026,Website,Home Goods,1,225.7,France,Bank Transfer,225.7,0.0
12393,Deborah Obrien,2026-08-21,Website,Apparel,5,336.55,France,Bank Transfer,1682.75,0.0
12394,Lisa Kennedy,2026-08-21,Retail Store,Sports,1,136.23,United States,Credit Card,136.23,0.0
12395,Gabriella West,2026-08-21,Marketplace,Beauty,5,61.77,Canada,Gift Card,308.85,0.0
12396,Catherine Arellano,2026-08-21,Marketplace,Apparel,1,269.59,Germany,PayPal,269.59,0.0
12397,Mark Burch,21-08-2026,Website,Electronics,1092,72.28,Canada,Bank Transfer,72.28,0.0
12398,Kenneth Copeland,2026-08-21,Website,Apparel,4,$92.55,United States,Gift Card,370.2,135.32
12399,Brittany Case,2026-08-21,Website,Electronics,2,345.17,Canada,Gift Card,690.34,0.0
12400,Jennifer Barton,2026-08-21,Website,Beauty,3,$275.74,United Kingdom,Bank Transfer,827.22,0.0
12401,Sean Smith,2026-08-21,Website,Home Goods,2,30.52,Canada,PayPal,61.04,0.0
12402,Joseph Schwartz,08/21/2026,Marketplace,Home Goods,4,245.22,U.K.,Bank Transfer,980.88,0.0
12403,Oscar Diaz,2026-08-21,Website,Sports,5,321.15,Germany,PayPal,1605.75,522.22
12404,Brandon Freeman,2026-08-21,Website,Apparel,1,157.65,United States,Gift Card,157.65,0.0
12405,,2026-08-21,Website,Apparel,4,276.51,Germany,PayPal,1106.04,0.0
12406,Brandon Williams,2026-08-21,Website,Sports,2,206.78,United Kingdom,Credit Card,413.56,0.0
12407,Travis Morris,2026-08-21,Retail Store,Sports,1,271.23,Germany,PayPal,271.23,0.0
12408,Jesse Castro,2026-08-21,Retail Store,Electronics,4,$228.42,Canada,PayPal,913.68,0.0
12409,Jeffery Miller,"August 21, 2026",Retail Store,Electronics,2,$317.8,Australia,PayPal,635.6,0.0
12410,Beth Smith,2026-08-21,Website,Sports,4,135.67,Canada,Gift Card,542.68,0.0
12411,Lucas Lee,2026-08-21,Marketplace,Beauty,4,78.1,Germany,PayPal,312.4,0.0
12412,Sarah Jones,2026-08-21,Marketplace,Home Goods,3,302.53,Germany,PayPal,907.59,0.0
12413,Richard Martinez,2026-08-21,Website,Sports,5,19.02,United States,Bank Transfer,95.1,0.0
12414,Sherri Gilbert,2026-08-21,Website,Home Goods,4,89.93,France,PayPal,359.72,0.0
12415,Amanda Rich,2026-08-21,Retail Store,Beauty,5,138.23,United States,Credit Card,691.15,0.0
12416,Rebecca Harrell,2026-08-21,Marketplace,Electronics,1,292.96,France,Bank Transfer,292.96,0.0
12417,Marcia Fernandez,2026-08-21,Marketplace,Home Goods,2,228.78,United Kingdom,Credit Card,457.56,0.0
12418,Susan Moran,2026-08-21,Website,Apparel,4,$296.51,Germany,Gift Card,1186.04,1316.7587991470698
12419,John Mccarthy,2026-08-21,Website,Home Goods,4,299.05,Canada,Gift Card,1196.2,1316.4406802796598
12420,Lisa Bowman,2026-08-21,Marketplace,Home Goods,4,339.76,Canada,Gift Card,1359.04,0.0
12421,Tamara Robles,2026-08-21,Marketplace,Electronics,4,180.14,Germany,Bank Transfer,720.56,0.0
12422,Robert Ochoa,08/21/2026,Website,Home Goods,1,$213.69,Australia,Bank Transfer,213.69,0.0
12423,Peter Robinson,2026-08-21,Website,Electronics,1,219.64,USA,Credit Card,219.64,0.0
12424,Robert Johnson,2026-08-21,Website,Home Goods,1,343.0,Canada,Gift Card,343.0,0.0
12425,Sarah Williams,2026-08-21,Marketplace,Electronics,1,214.76,United States,Credit Card,214.76,0.0
12426,Stephanie Chapman,2026-08-21,Website,Beauty,5,214.97,Canada,Bank Transfer,1074.85,590.52
12427,Michaela Lynn,2026-08-21,Marketplace,Beauty,5,75.1,United Kingdom,Gift Card,375.5,319.98
12428,Mary Johnson,2026-08-21,Website,Home Goods,5,62.52,United States,Bank Transfer,312.6,0.0
12429,Joshua Edwards,2026-08-21,Marketplace,Apparel,5,290.96,France,Credit Card,1454.8,1153.92
12430,Vanessa Thomas,2026-08-21,Website,Apparel,1,141.93,France,PayPal,141.93,0.0
12431,Dennis Gomez,2026-08-21,Retail Store,Electronics,1,239.52,Australia,PayPal,239.52,0.0
12432,Kathy Griffin,2026-08-21,Website,Home Goods,4,221.91,United States,PayPal,887.64,0.0
12433,Omar Kelley,2026-08-21,Website,Sports,5,$345.49,United States,Credit Card,1727.45,0.0
12434,James Schmidt,2026-08-21,Marketplace,Electronics,3,138.47,Germany,Bank Transfer,415.41,0.0
12435,Rachel York,2026-08-21,Website,Sports,5,94.31,United States,Credit Card,471.55,0.0
12436,Jessica Rodriguez,2026-08-21,Website,Home Goods,2,324.57,Canada,Bank Transfer,649.14,0.0
12437,Adam Taylor,2026-08-21,Website,Electronics,1,305.34,France,Bank Transfer,305.34,0.0
12438,Lisa Johnson,2026-08-21,Website,Sports,5,342.02,United States,PayPal,1710.1,0.0
12439,Ashley Kelley,2026-08-21,Website,Home Goods,2,33.4,United States,Bank Transfer,66.8,0.0
12440,Kenneth Odonnell MD,2026-08-21,Website,Apparel,3,190.17,France,PayPal,570.51,0.0
12441,Gabriel Carr,2026-08-21,Website,Sports,1,41.85,Germany,PayPal,41.85,0.0
12442,Ronald Martinez,2026-08-21,Website,Home Goods,-2,149.52,France,PayPal,299.04,0.0
12443,Kristen Schroeder,2026-08-21,Website,Sports,2,155.39,Australia,Gift Card,310.78,0.0
12444,Cindy Mcbride,2026-08-21,Website,Home Goods,2,335.44,Australia,Gift Card,670.88,0.0
12445,Jaime Richards,2026-08-21,Website,Beauty,4,40.54,Germany,Bank Transfer,162.16,0.0
12446,Kari Martinez,2026-08-21,Marketplace,Electronics,5,196.55,United Kingdom,PayPal,982.75,0.0
12447,Robert Christian,2026-08-21,Retail Store,Beauty,5,$29.19,United States,PayPal,145.95,0.0
12448,Katrina Ramirez,2026-08-21,Marketplace,Apparel,5,259.68,United Kingdom,Credit Card,1298.4,0.0
12449,Misty Obrien,2026-08-21,Website,Beauty,1,330.98,United States,Bank Transfer,330.98,0.0
12450,Terrence Jones,2026-08-21,Website,Electronics,4,$291.08,France,Gift Card,1164.32,1430.4505612844027
12451,Jennifer Petersen,2026-08-21,Marketplace,Home Goods,2,146.98,Germany,Bank Transfer,293.96,0.0
12452,Cindy Newton,2026-08-21,Marketplace,Apparel,1,$234.97,Australia,Credit Card,234.97,0.0
12453,Alexis Perez,2026-08-21,Website,Apparel,5,171.12,United States,Gift Card,855.6,0.0
12454,Eileen Jackson,2026-08-21,Website,Electronics,4,41.01,Germany,Credit Card,164.04,0.0
12455,Patricia Carter,2026-08-21,Website,Beauty,4,126.9,Germany,Credit Card,507.6,239.09
12456,Steven Hartman,2026-08-21,Website,Apparel,2,50.69,France,Gift Card,101.38,85.67
12457,Daniel Jenkins,2026-08-21,Website,Home Goods,5,14.28,U.K.,Credit Card,71.4,0.0
12458,Kristin Martin,21-08-2026,Website,Beauty,3,275.03,Australia,PayPal,825.09,0.0
12459,Andrew Lloyd,2026-08-21,Website,Sports,2,277.05,France,Bank Transfer,554.1,0.0
12460,Michael Torres,2026-08-21,Marketplace,Home Goods,2,$339.8,France,PayPal,679.6,163.35
12461,Troy Fisher,2026-08-21,Website,Electronics,1,124.05,United States,PayPal,124.05,0.0
12462,Matthew Barton,2026-08-21,Marketplace,Home Goods,2,44.56,United Kingdom,Bank Transfer,89.12,0.0
12463,Yvonne Montgomery PhD,2026-08-21,Marketplace,Electronics,3,113.5,United Kingdom,Gift Card,340.5,0.0
12464,Christina Mendez,2026-08-21,Website,Beauty,2,90.53,United States,Bank Transfer,181.06,0.0
12465,Jason Frost,2026-08-21,Retail Store,Apparel,1,44.09,United Kingdom,Gift Card,44.09,0.0
12466,Joseph Castaneda,2026-08-21,Website,Electronics,4,56.32,Australia,Gift Card,225.28,0.0
12467,,2026-08-21,Website,Sports,1,189.92,United States,PayPal,189.92,0.0
12468,Andrew Bush,2026-08-21,Website,Beauty,2,186.59,Germany,Bank Transfer,373.18,0.0
12469,Ronald Sanchez,2026-08-21,Website,Apparel,4,108.19,France,PayPal,432.76,0.0
12470,Ricardo Russell,2026-08-21,Website,Beauty,5,282.5,Canada,PayPal,1412.5,0.0
12471,Susan Jones,2026-08-21,Marketplace,Beauty,4,286.9,United States,Gift Card,1147.6,0.0
12472,Jennifer Turner,2026-08-21,Marketplace,Beauty,5,133.69,Canada,Bank Transfer,668.45,392.6
12473,James Cox,2026-08-21,Website,Beauty,5,114.71,France,Gift Card,573.55,0.0
12474,Erin Delgado,2026-08-21,Website,Apparel,4,$208.38,Australia,Credit Card,833.52,0.0
12475,Dustin Smith,2026-08-21,Retail Store,Home Goods,3,327.76,Canada,Gift Card,983.28,0.0
12476,Laura Martinez,2026-08-21,Website,Apparel,4,295.01,Germany,Gift Card,1180.04,0.0
12477,Tamara Ortega,2026-08-21,Website,Beauty,4,113.43,United States,PayPal,453.72,0.0
12478,Julie Thomas,2026-08-21,Marketplace,Apparel,1,22.71,Australia,Credit Card,22.71,0.0
12479,William Brown,2026-08-21,Marketplace,Apparel,1,56.46,United Kingdom,Credit Card,56.46,0.0
12480,Jessica Mcmahon,2026-08-21,Website,Beauty,4,171.7,France,Bank Transfer,686.8,0.0
12481,Timothy Bauer,2026-08-21,Website,Apparel,2,252.85,Germany,PayPal,505.7,0.0
12482,Shawn Brown,2026-08-21,Website,Apparel,2,48.87,Germany,PayPal,97.74,0.0
12483,Stephanie Anderson,2026-08-21,Marketplace,Home Goods,5,158.54,United Kingdom,PayPal,792.7,0.0
12484,Mr. Andrew Richardson,"August 21, 2026",Marketplace,Beauty,2,60.59,United States,Bank Transfer,121.18,0.0
12485,Todd Butler,08/21/2026,Marketplace,Electronics,4,251.4,Canada,Bank Transfer,1005.6,165.01
12486,Jennifer Johnson,2026-08-21,Website,Electronics,2,48.89,France,Credit Card,97.78,0.0
12487,Ryan Murphy,"August 21, 2026",Website,Sports,3,163.85,France,PayPal,491.55,0.0
12488,Christopher Klein,"August 21, 2026",Retail Store,Home Goods,5,213.69,Canada,Credit Card,1068.45,0.0
12489,William Reed,2026-08-21,Website,Home Goods,3,269.32,Australia,Bank Transfer,807.96,0.0
12490,Angela Graves,2026-08-21,Website,Apparel,4,66.97,Australia,Bank Transfer,267.88,0.0
12491,Christina Allen,2026-08-21,Website,Home Goods,5,114.34,Germany,Credit Card,571.7,0.0
12492,Thomas Benson,2026-08-21,Website,Beauty,5,111.59,United States,PayPal,557.95,0.0
12493,Madison Romero,2026-08-21,Marketplace,Electronics,3,141.24,Australia,Bank Transfer,423.72,0.0
12494,William Hoffman,2026-08-21,Retail Store,Apparel,1,122.83,France,Bank Transfer,122.83,0.0
12495,Sarah Chambers,"August 21, 2026",Website,Sports,2,349.46,Germany,Gift Card,698.92,0.0
12496,Nicole Taylor,2026-08-21,Website,Apparel,4,182.91,Germany,Gift Card,731.64,0.0
12497,Joseph Yang,2026-08-21,Retail Store,Electronics,4,135.44,France,Gift Card,541.76,165.62
12498,Bruce Burnett,2026-08-21,Website,Beauty,3,240.96,Canada,Gift Card,722.88,0.0
12499,Kelly Taylor,2026-08-21,Website,Beauty,4,228.59,United Kingdom,PayPal,914.36,0.0
12500,Richard Ewing,21-08-2026,Website,Apparel,2,$170.57,Germany,Credit Card,341.14,0.0
12501,Laura Mclaughlin,2026-08-21,Retail Store,Beauty,4,228.92,Australia,PayPal,915.68,0.0
12502,Robert Murray,2026-08-21,Website,Apparel,2,348.77,France,Gift Card,697.54,0.0
12503,,"August 21, 2026",Marketplace,Home Goods,4,87.77,France,Gift Card,351.08,0.0
12504,Jillian Sanders,2026-08-21,Marketplace,Apparel,1,325.52,France,PayPal,325.52,0.0
12505,Charles Pace,2026-08-21,Website,Beauty,4,25.46,Germany,Credit Card,101.84,0.0
12506,Robin Johnson,2026-08-21,Marketplace,Home Goods,5,264.27,Australia,Credit Card,1321.35,0.0
12507,,21-08-2026,Website,Electronics,2,216.1,Germany,Bank Transfer,432.2,0.0
12508,Jacob Stevens,2026-08-21,Website,Sports,1,309.6,Australia,Bank Transfer,309.6,0.0
12509,Michelle Robinson,2026-08-21,Retail Store,Apparel,3,82.44,Australia,Credit Card,247.32,0.0
12510,Alexis Arnold,2026-08-21,Marketplace,Beauty,3,304.46,Australia,Bank Transfer,913.38,0.0
12511,Mr. Michael Hill,2026-08-21,Website,Apparel,1,$135.95,Australia,Bank Transfer,135.95,0.0
12512,Christopher Obrien,2026-08-21,Marketplace,Sports,5,131.19,Germany,Credit Card,655.95,0.0
12513,Rachel Smith,2026-08-21,Marketplace,Beauty,1,184.82,Australia,Gift Card,184.82,0.0
12514,Yvonne Young,2026-08-21,Marketplace,Sports,3,85.93,United Kingdom,Bank Transfer,257.79,0.0
12515,Rebecca Pacheco,2026-08-21,Website,Sports,4,271.29,Canada,Bank Transfer,1085.16,170.38
12516,Amber Robinson,2026-08-21,Marketplace,Home Goods,4,117.85,Germany,Credit Card,471.4,0.0
12517,Megan Stark,2026-08-21,Website,Beauty,4,177.09,Canada,Bank Transfer,708.36,0.0
12518,Sharon Rush,2026-08-21,Website,Electronics,3,328.18,Australia,Credit Card,984.54,0.0
12519,Alex Rowland,2026-08-21,Retail Store,Home Goods,5,56.59,Germany,Gift Card,282.95,0.0
12520,,2026-08-21,Retail Store,Home Goods,4,63.92,USA,Bank Transfer,255.68,0.0
12521,Ethan Anderson,2026-08-21,Website,Sports,4,265.7,France,Credit Card,1062.8,0.0
12522,Katie Gonzalez,2026-08-21,Website,Apparel,4,190.6,Canada,Credit Card,762.4,0.0
12523,Antonio Evans,2026-08-21,Website,Beauty,4,143.82,Germany,Bank Transfer,575.28,0.0
12524,Jose Lopez,2026-08-21,Website,Beauty,2,284.94,France,Credit Card,569.88,0.0
12525,Mrs. Suzanne Patel,21-08-2026,Website,Sports,4,207.89,United Kingdom,Credit Card,831.56,0.0
12526,Suzanne Lopez,2026-08-21,Website,Electronics,3,91.69,Australia,Credit Card,275.07,0.0
12527,David Jones,2026-08-21,Website,Beauty,3,250.54,United States,Credit Card,751.62,177.0
12528,Ryan Johnson,2026-08-21,Website,Home Goods,5,213.94,Canada,PayPal,1069.7,0.0
12529,Susan Reed,2026-08-21,Marketplace,Electronics,1,33.59,France,Gift Card,33.59,0.0
12530,Ashley Beck,2026-08-21,Website,Apparel,3,89.6,United Kingdom,Credit Card,268.8,0.0
12531,Theodore Young,2026-08-21,Retail Store,Home Goods,2,309.89,Germany,PayPal,619.78,0.0
12532,,21-08-2026,Website,Home Goods,2,316.24,France,Bank Transfer,632.48,0.0
12533,Rebecca Daniel,2026-08-21,Retail Store,Home Goods,2,$287.11,United Kingdom,Gift Card,574.22,0.0
12534,Melinda Oneill,2026-08-21,Marketplace,Home Goods,3,74.68,United Kingdom,Bank Transfer,224.04,0.0
12535,Charles Williams,"August 21, 2026",Retail Store,Apparel,2,323.76,Germany,PayPal,647.52,440.68
12536,,2026-08-21,Website,Electronics,4,276.62,United Kingdom,Gift Card,1106.48,0.0
12537,,2026-08-21,Website,Apparel,5,$185.4,United Kingdom,Gift Card,927.0,0.0
12538,Mark Hodges,2026-08-21,Marketplace,Apparel,3,333.37,Canada,Gift Card,1000.11,0.0
12539,Brianna Schmidt,2026-08-21,Website,Beauty,4,37.7,United States,PayPal,150.8,0.0
12540,Samantha Irwin,2026-08-21,Website,Home Goods,3,332.32,Australia,PayPal,996.96,0.0
12541,,2026-08-21,Website,Home Goods,5,159.28,France,PayPal,796.4,0.0
12542,Daryl Allen,2026-08-21,Website,Beauty,792,316.87,Australia,Gift Card,1267.48,0.0
12543,Brian Houston,2026-08-21,Marketplace,Beauty,2,32.35,France,Bank Transfer,64.7,0.0
12544,Bradley Smith,2026-08-21,Website,Electronics,1,256.91,France,PayPal,256.91,0.0
12545,Frank Arias,2026-08-21,Website,Sports,5,68.52,Canada,PayPal,342.6,0.0
12546,Susan Ramos,2026-08-21,Marketplace,Home Goods,1,79.1,Canada,Credit Card,79.1,64.61
12547,Renee Kennedy,"August 21, 2026",Retail Store,Home Goods,2,100.83,Canada,Credit Card,201.66,0.0
12548,Christopher Soto,2026-08-21,Website,Sports,1,29.77,Canada,Credit Card,29.77,0.0
12549,Katherine Brennan,2026-08-21,Website,Apparel,4,303.07,United Kingdom,Gift Card,1212.28,0.0
12550,Sarah Walton,2026-08-21,Website,Apparel,4,348.99,France,Bank Transfer,1395.96,0.0
12551,Nicole Thompson,2026-08-21,Retail Store,Beauty,5,116.71,Germany,Bank Transfer,583.55,0.0
12552,Jennifer Mullen,"August 21, 2026",Website,Sports,4,302.73,France,Bank Transfer,1210.92,990.69
12553,Alexandria Pineda,2026-08-21,Marketplace,Apparel,1,293.93,United States,PayPal,293.93,0.0
12554,Trevor Brooks,2026-08-21,Website,Apparel,5,230.33,United States,Bank Transfer,1151.65,0.0
12555,Anna Walters,2026-08-21,Retail Store,Home Goods,3,72.16,Germany,PayPal,216.48,0.0
12556,Robert Hurst,2026-08-21,Website,Home Goods,1,116.83,France,Gift Card,116.83,0.0
12557,Jacqueline Marshall,2026-08-21,Marketplace,Beauty,3,199.0,Australia,Gift Card,597.0,0.0
12558,Desiree Cardenas,2026-08-21,Website,Home Goods,5,93.49,United States,PayPal,467.45,0.0
12559,Frank Bell,2026-08-21,Retail Store,Sports,3,341.9,United States,Bank Transfer,1025.7,0.0
12560,Derek Cooper,2026-08-21,Website,Beauty,2,$328.45,Canada,Credit Card,656.9,0.0
12561,Paul Young,2026-08-21,Marketplace,Sports,4,292.77,Germany,Bank Transfer,1171.08,0.0
12562,Brenda Romero,"August 21, 2026",Marketplace,Electronics,1,308.98,France,PayPal,308.98,0.0
12563,Phillip Moreno,2026-08-21,Website,Apparel,3,245.3,Germany,Gift Card,735.9,0.0
12564,Mr. Richard Rodriguez,21-08-2026,Website,Electronics,3,60.76,Germany,PayPal,182.28,0.0
12565,Kirsten Brown,2026-08-21,Website,Apparel,1,329.99,Australia,Credit Card,329.99,0.0
12566,,2026-08-21,Marketplace,Sports,-1,306.4,Australia,Bank Transfer,306.4,0.0
12567,Robin Wright,2026-08-21,Website,Electronics,1,186.29,United Kingdom,Bank Transfer,186.29,0.0
12568,Rhonda Chavez,2026-08-21,Website,Home Goods,2,288.18,Australia,Gift Card,576.36,0.0
12569,Patrick Cunningham,2026-08-21,Website,Electronics,3,282.13,United States,Credit Card,846.39,0.0
12570,Todd Young,2026-08-21,Website,Apparel,2,91.27,France,Gift Card,182.54,0.0
12571,Deborah Wilcox,2026-08-21,Website,Beauty,4,349.33,France,PayPal,1397.32,0.0
12572,Megan Smith,2026-08-21,Website,Home Goods,2,331.88,United Kingdom,PayPal,663.76,555.86
12573,Daryl Carson,2026-08-21,Marketplace,Home Goods,2,160.37,Australia,Bank Transfer,320.74,0.0
12574,Alejandra Faulkner,2026-08-21,Marketplace,Electronics,3,314.3,Australia,Credit Card,942.9,0.0
12575,Cindy Parker,2026-08-21,Retail Store,Apparel,2,247.17,France,Bank Transfer,494.34,0.0
12576,Darrell Turner,2026-08-21,Marketplace,Electronics,1,133.85,Australia,Gift Card,133.85,0.0
12577,Reginald Harris,2026-08-21,Marketplace,Home Goods,1,$125.45,France,PayPal,125.45,0.0
12578,Chelsea Hanson,2026-08-21,Website,Home Goods,4,16.91,United Kingdom,PayPal,67.64,0.0
12579,Joseph Buchanan,2026-08-21,Website,Sports,2,129.88,France,Credit Card,259.76,0.0
12580,Edward Hayes,2026-08-21,Website,Home Goods,3,40.83,United States,Bank Transfer,122.49,0.0
12581,Martin Townsend,2026-08-21,Website,Sports,1,$133.56,France,Bank Transfer,133.56,0.0
12582,Elizabeth Sharp,2026-08-21,Website,Electronics,1,97.05,Australia,Gift Card,97.05,0.0
12583,Jill Luna,2026-08-21,Marketplace,Home Goods,2,94.06,United Kingdom,Gift Card,188.12,154.12
12584,Jasmine Peck,2026-08-21,Website,Beauty,5,222.79,Canada,PayPal,1113.95,0.0
12585,Heather Hamilton,08/21/2026,Website,Apparel,5,147.94,United States,Credit Card,739.7,0.0
12586,Austin Bauer,2026-08-21,Website,Beauty,5,302.31,Canada,Gift Card,1511.55,0.0
12587,Jimmy Sims,2026-08-21,Retail Store,Home Goods,2,$334.78,France,Bank Transfer,669.56,0.0
12588,Stephen Nguyen,2026-08-21,Website,Home Goods,4,85.38,United Kingdom,Gift Card,341.52,0.0
12589,Charles Gregory,2026-08-21,Retail Store,Sports,3,84.52,France,Bank Transfer,253.56,0.0
12590,Amy Sanchez MD,2026-08-21,Retail Store,Home Goods,1,171.96,Canada,Gift Card,171.96,0.0
12591,Brooke Hogan,2026-08-21,Marketplace,Sports,3,51.14,United States,Bank Transfer,153.42,0.0
12592,David Bullock,2026-08-21,Retail Store,Beauty,1,$341.2,United States,Credit Card,341.2,0.0
12593,Betty Henson,2026-08-21,Retail Store,Electronics,4,$17.86,United Kingdom,Credit Card,71.44,0.0
12594,Dawn Smith,2026-08-21,Marketplace,Electronics,3,$276.28,France,PayPal,828.84,0.0
12595,,2026-08-21,Marketplace,Home Goods,2,166.5,Australia,Credit Card,333.0,0.0
12596,Ashley Wilson,2026-08-21,Website,Electronics,2,146.57,United Kingdom,Bank Transfer,293.14,130.21
12597,,2026-08-21,Website,Electronics,3,26.77,France,Credit Card,80.31,0.0
12598,Joshua Alvarado,2026-08-21,Website,Home Goods,1,257.14,Germany,Bank Transfer,257.14,0.0
12599,Yolanda Stone,2026-08-21,Website,Beauty,3,324.23,Canada,Bank Transfer,972.69,0.0
12600,Matthew Rogers,2026-08-21,Website,Apparel,1174,94.35,United States,PayPal,94.35,56.2
12601,Ryan Peterson,2026-08-21,Website,Sports,3,26.13,Canada,Credit Card,78.39,0.0
12602,Jeremy Patel,2026-08-21,Marketplace,Electronics,2,272.42,United States,Credit Card,544.84,208.41
12603,Paul Cruz,2026-08-21,Website,Beauty,2,246.42,France,Credit Card,492.84,0.0
12604,Richard Cooper,2026-08-21,Marketplace,Apparel,5,67.13,United States,PayPal,335.65,0.0
12605,Elizabeth Oconnell,2026-08-21,Website,Apparel,3,75.95,France,PayPal,227.85,256.239771273304
12606,Jennifer Jordan,2026-08-21,Website,Sports,3,271.91,France,Credit Card,815.73,0.0
12607,Donna Horton,2026-08-21,Marketplace,Electronics,1,126.93,France,Credit Card,126.93,0.0
12608,Sherri Hernandez,2026-08-21,Website,Sports,2,103.76,United Kingdom,Gift Card,207.52,0.0
12609,Jason Martinez,2026-08-21,Website,Home Goods,5,31.72,United States,Credit Card,158.6,0.0
12610,Ashley Sanchez,2026-08-21,Website,Home Goods,3,247.13,United Kingdom,Bank Transfer,741.39,490.84
12611,Jessica Kelley,2026-08-21,Marketplace,Home Goods,5,276.86,United States,Gift Card,1384.3,0.0
12612,Christine Cherry,2026-08-21,Website,Beauty,2,228.68,Germany,Credit Card,457.36,0.0
12613,Spencer Jenkins,2026-08-21,Website,Beauty,1,160.52,Australia,PayPal,160.52,62.22
12614,Ashley Hall,2026-08-21,Marketplace,Sports,5,220.35,Germany,PayPal,1101.75,0.0
12615,Sheila Lopez,2026-08-21,Website,Electronics,1,73.03,France,Credit Card,73.03,0.0
12616,Dominique Bradley,2026-08-21,Marketplace,Sports,1,91.72,United States,PayPal,91.72,63.63
12617,,2026-08-21,Website,Apparel,1,94.0,United Kingdom,Bank Transfer,94.0,81.86
12618,Kenneth Roberts,2026-08-21,Marketplace,Home Goods,2,248.13,Germany,Credit Card,496.26,0.0
12619,Ariana Edwards,2026-08-21,Website,Beauty,1,116.58,Australia,Gift Card,116.58,0.0
12620,Todd Bentley,2026-08-21,Retail Store,Home Goods,4,293.28,United States,PayPal,1173.12,0.0
12621,Heather Nelson,2026-08-21,Retail Store,Apparel,5,48.49,Australia,Bank Transfer,242.45,196.57
12622,Patrick Rodriguez,2026-08-21,Marketplace,Beauty,4,$10.21,Australia,Gift Card,40.84,0.0
12623,Lisa Luna,2026-08-21,Website,Electronics,2,157.82,France,Gift Card,315.64,0.0
12624,Luke Vasquez,2026-08-21,Marketplace,Apparel,5,318.81,Germany,PayPal,1594.05,0.0
12625,Gina Friedman,2026-08-21,Retail Store,Electronics,1,35.75,Canada,Bank Transfer,35.75,24.99
12626,Lisa Smith,08/21/2026,Marketplace,Electronics,3,43.85,United States,Bank Transfer,131.55,0.0
12627,Jesse Sanders,08/21/2026,Marketplace,Electronics,3,253.32,United States,Bank Transfer,759.96,0.0
12628,Susan Johnson,2026-08-21,Website,Beauty,2,288.09,France,Bank Transfer,576.18,247.91
12629,Charles Walters,2026-08-21,Website,Home Goods,1,106.61,France,Gift Card,106.61,0.0
12630,Eric Robinson,2026-08-21,Marketplace,Beauty,2,137.16,France,Credit Card,274.32,0.0
12631,Michaela Anthony,2026-08-21,Website,Sports,2,324.31,United Kingdom,Credit Card,648.62,360.47
12632,Ryan Allen,08/21/2026,Website,Sports,1,22.12,Canada,Gift Card,22.12,0.0
12633,Melissa Thompson,2026-08-21,Website,Electronics,5,$331.16,Canada,PayPal,1655.8,0.0
12634,Garrett Martinez,2026-08-21,Website,Electronics,3,114.04,United Kingdom,Gift Card,342.12,0.0
12635,Shawn Warner,2026-08-21,Retail Store,Apparel,4,227.62,Australia,PayPal,910.48,0.0
12636,,2026-08-21,Website,Electronics,5,249.52,Canada,Bank Transfer,1247.6,0.0
12637,Anthony Garza,2026-08-21,Retail Store,Apparel,2,8.65,Germany,PayPal,17.3,0.0
12638,Madeline Li,2026-08-21,Website,Electronics,2,198.9,Australia,PayPal,397.8,0.0
12639,Melissa Bonilla,2026-08-21,Website,Sports,1854,244.33,France,Gift Card,244.33,0.0
12640,Mark Richards,"August 21, 2026",Marketplace,Beauty,1,11.87,Australia,Bank Transfer,11.87,0.0
12641,Andrew Miller,2026-08-21,Marketplace,Sports,5,206.43,Germany,PayPal,1032.15,0.0
12642,Tiffany Gallagher,2026-08-21,Marketplace,Apparel,3,56.81,Canada,Bank Transfer,170.43,0.0
12643,James Holland,2026-08-21,Marketplace,Electronics,1,50.1,United Kingdom,Gift Card,50.1,0.0
12644,Jennifer Bailey,2026-08-21,Marketplace,Electronics,1,325.29,Britain,PayPal,325.29,0.0
12645,Jillian Nelson,2026-08-21,Website,Home Goods,4,157.71,Australia,Bank Transfer,630.84,0.0
12646,Danielle Steele,2026-08-21,Website,Electronics,2,116.25,Canada,Gift Card,232.5,0.0
12647,Spencer Jones,2026-08-21,Website,Electronics,3,90.0,United Kingdom,PayPal,270.0,0.0
12648,Jennifer Elliott,2026-08-21,Website,Electronics,5,69.13,Canada,PayPal,345.65,0.0
12649,Anita Adams,2026-08-21,Marketplace,Beauty,3,26.53,Canada,PayPal,79.59,51.35
12650,Andrea Frost,2026-08-21,Website,Beauty,2,248.59,France,Credit Card,497.18,0.0
12651,Douglas Young,08/21/2026,Marketplace,Electronics,2,20.15,Australia,Credit Card,40.3,0.0
12652,Madeline Patel,2026-08-21,Marketplace,Beauty,4,100.65,U.K.,PayPal,402.6,0.0
12653,Paul Bailey,08/21/2026,Marketplace,Electronics,5,171.0,Germany,PayPal,855.0,0.0
12654,Albert Schneider,2026-08-21,Website,Apparel,2,106.18,Canada,Gift Card,212.36,0.0
12655,Rhonda Hanson,2026-08-21,Retail Store,Sports,5,94.25,France,PayPal,471.25,0.0
12656,Stefanie Harris,2026-08-21,Marketplace,Home Goods,4,42.92,United Kingdom,Bank Transfer,171.68,0.0
12657,Robert Barnes,2026-08-21,Marketplace,Sports,4,331.99,Germany,Gift Card,1327.96,910.72
12658,Joseph Davis,08/21/2026,Retail Store,Apparel,4,109.91,Germany,Gift Card,439.64,0.0
12659,Julian Atkinson,2026-08-21,Website,Apparel,5,35.18,Canada,Bank Transfer,175.9,0.0
12660,Summer Hayes,2026-08-21,Website,Home Goods,3,146.33,United States,Credit Card,438.99,0.0
12661,Scott Blackwell,2026-08-21,Website,Beauty,1,165.53,Germany,Credit Card,165.53,0.0
12662,Garrett Williamson,2026-08-21,Website,Electronics,1,266.1,United States,Bank Transfer,266.1,0.0
12663,Katrina Zuniga,2026-08-21,Website,Beauty,3,$196.88,Germany,PayPal,590.64,0.0
12664,Karen Figueroa MD,2026-08-21,Marketplace,Electronics,4,245.93,United States,PayPal,983.72,0.0
12665,Rachel Rodriguez,2026-08-21,Marketplace,Electronics,4,98.48,Australia,Gift Card,393.92,0.0
12666,Michael Morris,21-08-2026,Website,Home Goods,1,315.97,Australia,Credit Card,315.97,0.0
12667,Michael Lambert,08/21/2026,Marketplace,Beauty,3,229.17,Germany,Bank Transfer,687.51,0.0
12668,Howard Armstrong,2026-08-21,Website,Apparel,3,301.56,Canada,Gift Card,904.68,140.18
12669,Craig Kaufman,2026-08-21,Website,Apparel,4,$210.96,France,Bank Transfer,843.84,0.0
12670,Aaron Bailey,2026-08-21,Website,Home Goods,4,67.56,Canada,Credit Card,270.24,0.0
12671,Rachel Smith,2026-08-21,Marketplace,Beauty,2,227.1,Germany,Gift Card,454.2,0.0
12672,Gabriel Jenkins,08/21/2026,Website,Sports,5,143.38,United States,Credit Card,716.9,0.0
12673,Amanda Smith,2026-08-21,Marketplace,Sports,2,66.55,Australia,PayPal,133.1,50.2
12674,,2026-08-21,Marketplace,Apparel,5,246.67,Canada,Credit Card,1233.35,0.0
12675,Carlos Jones,2026-08-21,Marketplace,Home Goods,3,111.33,France,Bank Transfer,333.99,0.0
12676,Joanna Garza,2026-08-21,Website,Sports,2,247.72,France,Gift Card,495.44,0.0
12677,Kaitlin Mckay,2026-08-21,Retail Store,Beauty,3,129.84,Australia,Gift Card,389.52,184.43
12678,Kevin Smith,2026-08-21,Marketplace,Apparel,3,139.07,Canada,Bank Transfer,417.21,0.0
12679,Brittany Bryan,2026-08-21,Website,Sports,2,$311.97,Germany,PayPal,623.94,0.0
12680,Sheena Jones,08/21/2026,Marketplace,Beauty,5,319.89,Australia,Credit Card,1599.45,0.0
12681,Edward Browning,2026-08-21,Website,Sports,1,$309.81,United States,PayPal,309.81,235.59
12682,Amanda Holloway,2026-08-21,Marketplace,Sports,1,201.64,United States,Gift Card,201.64,0.0
12683,Richard Brown,"August 21, 2026",Marketplace,Apparel,1,206.1,Canada,PayPal,206.1,0.0
12684,Austin Hendricks,2026-08-21,Retail Store,Apparel,2,204.98,Germany,Credit Card,409.96,209.29
12685,,2026-08-21,Retail Store,Home Goods,2,282.76,United States,Credit Card,565.52,0.0
12686,Kristopher Schultz,2026-08-21,Marketplace,Beauty,1,257.98,United Kingdom,Gift Card,257.98,0.0
12687,Stephanie Lane,2026-08-21,Marketplace,Sports,5,274.94,United Kingdom,Bank Transfer,1374.7,592.46
12688,Shelly Figueroa,08/21/2026,Website,Beauty,3,116.78,United Kingdom,Gift Card,350.34,0.0
12689,Sara Levine,2026-08-21,Marketplace,Sports,3,199.44,Australia,Bank Transfer,598.32,86.29
12690,,2026-08-21,Marketplace,Apparel,2,$233.34,Australia,PayPal,466.68,0.0
12691,Angela Sheppard,2026-08-21,Retail Store,Apparel,3,340.97,Canada,PayPal,1022.91,0.0
12692,Ann Cook,21-08-2026,Marketplace,Electronics,5,116.72,France,Gift Card,583.6,365.48
12693,Mark Greene,2026-08-21,Marketplace,Electronics,4,199.32,France,Gift Card,797.28,0.0
12694,Lisa Mckinney,2026-08-21,Marketplace,Sports,2,15.64,Canada,PayPal,31.28,0.0
12695,,2026-08-21,Marketplace,Home Goods,1,157.7,Canada,PayPal,157.7,0.0
12696,Bradley Fuentes,"August 21, 2026",Website,Beauty,3,308.99,France,Gift Card,926.97,0.0
12697,Traci Harris,2026-08-21,Retail Store,Electronics,3,59.83,United Kingdom,PayPal,179.49,78.89
12698,Jessica Thomas,21-08-2026,Website,Apparel,3,142.72,Germany,Credit Card,428.16,0.0
12699,Chris Davis,2026-08-21,Website,Beauty,3,257.13,United Kingdom,Gift Card,771.39,236.4
12700,Martin Lopez,2026-08-21,Website,Home Goods,2,213.18,United States,Bank Transfer,426.36,0.0
12701,Victoria Fuller,2026-08-21,Website,Electronics,3,27.88,United States,PayPal,83.64,0.0
12702,Edgar Clark,2026-08-21,Website,Apparel,3,83.24,U.K.,Bank Transfer,249.72,0.0
12703,Jonathan Arias,2026-08-21,Marketplace,Electronics,5,199.87,Germany,PayPal,999.35,0.0
12704,,2026-08-21,Website,Electronics,2,190.51,Germany,PayPal,381.02,180.03
12705,Jeffrey Parks,2026-08-21,Marketplace,Beauty,4,143.78,Canada,Credit Card,575.12,0.0
12706,Jacob James,2026-08-21,Retail Store,Apparel,1,194.8,France,Gift Card,194.8,0.0
12707,Stephen Castro,2026-08-21,Marketplace,Home Goods,4,154.54,United Kingdom,Bank Transfer,618.16,0.0
12708,Mackenzie Cabrera,2026-08-21,Marketplace,Beauty,3,192.55,Germany,Bank Transfer,577.65,0.0
12709,Erika Horton,2026-08-21,Website,Sports,1,317.19,France,Credit Card,317.19,0.0
12710,Juan Johns,2026-08-21,Retail Store,Home Goods,1,100.4,United Kingdom,Bank Transfer,100.4,59.21
12711,Deborah Reeves,2026-08-21,Website,Apparel,1,304.02,France,Bank Transfer,304.02,0.0
12712,Julie Carter,2026-08-21,Marketplace,Electronics,4,348.66,Canada,PayPal,1394.64,0.0
12713,Maureen Boone,2026-08-21,Marketplace,Apparel,4,167.16,Canada,Credit Card,668.64,0.0
12714,Crystal Anderson,2026-08-21,Website,Apparel,1,150.83,Canada,Bank Transfer,150.83,0.0
12715,Cathy Huffman,2026-08-21,Website,Apparel,3,297.01,United Kingdom,Gift Card,891.03,0.0
12716,Lisa Mitchell,2026-08-21,Website,Home Goods,4,34.42,United Kingdom,Bank Transfer,137.68,0.0
12717,William Walker,2026-08-21,Website,Electronics,1,316.04,United States,Gift Card,316.04,0.0
12718,Elizabeth Gardner,2026-08-21,Website,Electronics,1,267.13,Australia,Gift Card,267.13,0.0
12719,Blake Wallace,2026-08-21,Website,Apparel,1,252.57,United Kingdom,Bank Transfer,252.57,0.0
12720,Lisa Howard,2026-08-21,Website,Sports,1,316.34,United States,Credit Card,316.34,0.0
12721,Gabriel Jackson,08/21/2026,Website,Sports,1,$230.17,Canada,Bank Transfer,230.17,0.0
12722,Matthew Hopkins,2026-08-21,Retail Store,Home Goods,4,157.8,United States,Bank Transfer,631.2,0.0
12723,Melissa Erickson,2026-08-21,Website,Sports,3,246.65,United Kingdom,Credit Card,739.95,0.0
12724,Justin Brown,2026-08-21,Marketplace,Sports,5,253.59,United Kingdom,PayPal,1267.95,0.0
12725,Mark Grant,2026-08-21,Website,Electronics,2,213.0,Germany,PayPal,426.0,0.0
12726,Ryan Smith,2026-08-21,Website,Apparel,2,341.39,Canada,Gift Card,682.78,0.0
12727,James Kirk,2026-08-21,Retail Store,Sports,4,26.66,France,Credit Card,106.64,0.0
12728,Emily Collins,2026-08-21,Marketplace,Electronics,1,174.32,United Kingdom,PayPal,174.32,0.0
12729,Brian Shea,2026-08-21,Website,Home Goods,3,$136.07,United States,PayPal,408.21,0.0
12730,Rita Stanley,2026-08-21,Retail Store,Home Goods,3,$120.76,Canada,PayPal,362.28,0.0
12731,Jacqueline Stewart,2026-08-21,Website,Home Goods,2,22.91,France,Gift Card,45.82,0.0
12732,Rachel Johnson,2026-08-21,Marketplace,Sports,5,58.3,Germany,Gift Card,291.5,0.0
12733,Monique Singleton,2026-08-21,Marketplace,Apparel,2,$271.45,Canada,Bank Transfer,542.9,0.0
12734,Sharon Mitchell,2026-08-21,Marketplace,Electronics,5,126.71,Germany,PayPal,633.55,0.0
12735,Steven Delacruz,2026-08-21,Marketplace,Sports,3,75.43,United States,Credit Card,226.29,0.0
12736,Teresa Hopkins,21-08-2026,Marketplace,Electronics,1,223.34,Canada,Bank Transfer,223.34,0.0
12737,Elizabeth Nguyen,2026-08-21,Marketplace,Electronics,4,23.59,Australia,Bank Transfer,94.36,0.0
12738,Angelica Dillon,2026-08-21,Website,Apparel,1,244.99,France,Gift Card,244.99,0.0
12739,Lindsey Hernandez,2026-08-21,Marketplace,Sports,2,302.91,Canada,PayPal,605.82,129.04
12740,Alejandra Obrien,"August 21, 2026",Website,Apparel,1,226.06,United Kingdom,Gift Card,226.06,0.0
12741,Jeffrey Olson,2026-08-21,Website,Sports,2,91.69,United States,PayPal,183.38,0.0
12742,Samuel Watson,2026-08-21,Website,Beauty,3,313.11,United States,PayPal,939.33,0.0
12743,,2026-08-21,Marketplace,Home Goods,5,204.37,Germany,Bank Transfer,1021.85,0.0
12744,Vanessa Cruz,2026-08-21,Website,Home Goods,1,227.24,Australia,Bank Transfer,227.24,0.0
12745,Jeffrey Allen,2026-08-21,Website,Home Goods,1,249.7,Germany,Gift Card,249.7,0.0
12746,Stephanie Santiago,2026-08-21,Website,Beauty,-1,45.57,France,Credit Card,45.57,0.0
12747,Valerie Smith,2026-08-21,Marketplace,Beauty,4,35.49,Germany,Credit Card,141.96,0.0
12748,James Smith,2026-08-21,Marketplace,Sports,1,105.03,Canada,Gift Card,105.03,55.2
12749,Jessica Ortiz,2026-08-21,Retail Store,Sports,2,194.83,France,Credit Card,389.66,0.0
12750,Morgan Smith,2026-08-21,Website,Electronics,5,78.54,Australia,PayPal,392.7,73.54
12751,Barbara Young,2026-08-21,Website,Beauty,1,244.9,Australia,Bank Transfer,244.9,0.0
12752,Lori Smith,2026-08-21,Website,Apparel,5,243.06,France,PayPal,1215.3,0.0
12753,Brianna Sanders,2026-08-21,Retail Store,Electronics,1,$60.56,France,Bank Transfer,60.56,0.0
12754,,2026-08-21,Retail Store,Home Goods,4,284.13,United Kingdom,PayPal,1136.52,0.0
12755,Alexander Day,2026-08-21,Website,Electronics,2,87.92,France,Gift Card,175.84,0.0
12756,John Price,2026-08-21,Marketplace,Beauty,4,$43.56,France,PayPal,174.24,0.0
12757,Patricia Herrera,2026-08-21,Website,Electronics,3,129.36,Germany,PayPal,388.08,0.0
12758,Kenneth Morales,2026-08-21,Retail Store,Sports,3,17.17,Australia,Bank Transfer,51.51,31.26
12759,Pamela Baxter,2026-08-21,Marketplace,Home Goods,5,100.55,Germany,Bank Transfer,502.75,0.0
12760,Cheryl Hines,2026-08-21,Retail Store,Apparel,5,$90.54,Germany,Credit Card,452.7,0.0
12761,Monique Arnold,2026-08-21,Marketplace,Electronics,2,86.92,Germany,Gift Card,173.84,0.0
12762,,2026-08-21,Website,Electronics,5,117.64,United States,Bank Transfer,588.2,0.0
12763,Kimberly Gonzalez,2026-08-21,Marketplace,Electronics,5,140.86,France,Gift Card,704.3,566.18
12764,Elizabeth Vargas,"August 21, 2026",Website,Apparel,5,$75.09,Germany,Gift Card,375.45,0.0
12765,Nathan Logan,2026-08-21,Marketplace,Electronics,3,280.56,Germany,Gift Card,841.68,0.0
12766,Austin Jones,2026-08-21,Website,Beauty,2,331.42,United Kingdom,PayPal,662.84,540.08
12767,Abigail Williams,2026-08-21,Website,Home Goods,2,13.9,United States,Credit Card,27.8,19.78
12768,Victoria Bryant,2026-08-21,Website,Home Goods,4,29.53,Australia,PayPal,118.12,30.14
12769,Heather Schultz,2026-08-21,Retail Store,Electronics,3,144.89,Australia,Bank Transfer,434.67,0.0
12770,Mark Schultz,2026-08-21,Website,Sports,1,129.42,Australia,Credit Card,129.42,91.35
12771,Susan Gomez,"August 21, 2026",Website,Home Goods,5,260.23,Canada,PayPal,1301.15,0.0
12772,Kendra Johnson,2026-08-21,Retail Store,Home Goods,3,$126.44,United States,Credit Card,379.32,0.0
12773,Tammy Olsen,2026-08-21,Website,Beauty,4,$347.99,Canada,Credit Card,1391.96,0.0
12774,Diane Sullivan,2026-08-21,Website,Sports,1,140.35,United States,Gift Card,140.35,0.0
12775,Shane Trujillo,2026-08-21,Website,Home Goods,4,102.89,France,Bank Transfer,411.56,0.0
12776,Amanda Coleman,08/21/2026,Marketplace,Sports,3,205.36,Germany,Gift Card,616.08,0.0
12777,Justin Williams,2026-08-21,Retail Store,Apparel,1,158.24,France,PayPal,158.24,0.0
12778,Ashley Shaw,2026-08-21,Website,Apparel,4,106.11,Germany,Bank Transfer,424.44,159.12
12779,Calvin Torres,2026-08-21,Website,Apparel,3,73.58,France,Credit Card,220.74,48.45
12780,Terry Fitzgerald,2026-08-21,Retail Store,Apparel,4,314.21,France,Gift Card,1256.84,0.0
12781,Michael Hahn,2026-08-21,Marketplace,Home Goods,1,330.3,France,PayPal,330.3,0.0
12782,Priscilla Chavez,2026-08-21,Retail Store,Sports,1,165.24,United States,Bank Transfer,165.24,0.0
12783,Patrick Fuller DDS,08/21/2026,Website,Sports,1,264.77,Australia,Bank Transfer,264.77,158.41
12784,Christopher Perez,2026-08-21,Website,Home Goods,3,281.12,United Kingdom,Bank Transfer,843.36,0.0
12785,,2026-08-21,Retail Store,Electronics,-5,229.86,United States,Gift Card,1149.3,899.46
12786,Linda Collins,2026-08-21,Website,Electronics,2,108.25,Australia,Bank Transfer,216.5,0.0
12787,Cassidy Rollins,2026-08-21,Website,Sports,3,253.71,Australia,Bank Transfer,761.13,0.0
12788,Alex Ramos,2026-08-21,Website,Beauty,1,326.05,United Kingdom,Bank Transfer,326.05,0.0
12789,Stacy Horn,08/21/2026,Website,Apparel,2,$236.03,Germany,Credit Card,472.06,0.0
12790,Lisa Hall,2026-08-21,Website,Apparel,4,174.71,France,PayPal,698.84,0.0
12791,Zachary Brewer,2026-08-21,Website,Apparel,1,110.86,United States,Gift Card,110.86,0.0
12792,James Swanson,2026-08-21,Website,Home Goods,5,139.21,Germany,Bank Transfer,696.05,0.0
12793,Nicholas Stark,2026-08-21,Website,Beauty,5,214.65,U.S.,Credit Card,1073.25,0.0
12794,Christopher Thomas,2026-08-21,Marketplace,Sports,3,20.83,United States,Credit Card,62.49,0.0
12795,Mary Cervantes,2026-08-21,Website,Electronics,1,129.32,Australia,Bank Transfer,129.32,0.0
12796,Johnny Hart,2026-08-21,Website,Beauty,5,92.41,Australia,Bank Transfer,462.05,0.0
12797,Barry Vasquez,2026-08-21,Marketplace,Home Goods,5,254.07,Canada,PayPal,1270.35,606.9
12798,Michele Smith,2026-08-21,Marketplace,Electronics,2,17.23,United Kingdom,PayPal,34.46,0.0
12799,,2026-08-21,Website,Apparel,3,192.66,United States,Gift Card,577.98,0.0
12800,Patricia Jones,2026-08-21,Website,Beauty,2,173.55,France,Credit Card,347.1,0.0
12801,Yolanda Nelson,2026-08-21,Retail Store,Beauty,3,276.81,Germany,Bank Transfer,830.43,0.0
12802,Laura Smith,2026-08-21,Marketplace,Apparel,3,8.2,United States,Gift Card,24.6,0.0
12803,Keith Shaffer,2026-08-21,Website,Beauty,3,284.36,Canada,Bank Transfer,853.08,969.1471855551171
12804,Bill Novak DDS,2026-08-21,Website,Beauty,3,295.36,Canada,Bank Transfer,886.08,307.69
12805,Craig Moore,2026-08-21,Website,Beauty,3,162.82,Australia,Bank Transfer,488.46,0.0
12806,Mary Martin,2026-08-21,Website,Apparel,4,160.79,Australia,PayPal,643.16,0.0
12807,Donna Thomas,2026-08-21,Website,Electronics,3,215.43,Germany,PayPal,646.29,0.0
12808,Mr. John Allen,2026-08-21,Website,Sports,1017,$310.28,Germany,Credit Card,1551.4,0.0
12809,Megan Dominguez,2026-08-21,Website,Apparel,3,113.25,Germany,PayPal,339.75,0.0
12810,Janice Cross,2026-08-21,Website,Electronics,1,161.0,Australia,Bank Transfer,161.0,0.0
12811,Lawrence Johnson,2026-08-21,Website,Home Goods,5,19.23,Germany,Gift Card,96.15,0.0
12812,,21-08-2026,Website,Beauty,5,243.42,France,PayPal,1217.1,0.0
12813,Lori Johnson,21-08-2026,Marketplace,Home Goods,1,64.1,Germany,Gift Card,64.1,0.0
12814,Mariah Keller,2026-08-21,Retail Store,Apparel,3,$304.36,France,Bank Transfer,913.08,0.0
12815,Gerald Parker,2026-08-21,Retail Store,Electronics,2,323.11,Australia,Bank Transfer,646.22,0.0
12816,Kathleen Johnson,2026-08-21,Website,Beauty,1,237.82,United States,Gift Card,237.82,39.06
12817,Kelly Thomas,2026-08-21,Retail Store,Beauty,2,25.93,Canada,Bank Transfer,51.86,0.0
12818,Michael Walter,2026-08-21,Marketplace,Electronics,1,97.8,United States,Gift Card,97.8,0.0
12819,Marvin Smith,2026-08-21,Website,Apparel,-2,242.72,United Kingdom,Gift Card,485.44,0.0
12820,Steven Ware,2026-08-21,Website,Electronics,2,98.4,United States,Gift Card,196.8,0.0
12821,Rodney Jackson,2026-08-21,Marketplace,Electronics,2,199.2,United States,Bank Transfer,398.4,0.0
12822,Mary Jackson,2026-08-21,Marketplace,Sports,4,116.69,UK,PayPal,466.76,0.0
12823,William Barr,2026-08-21,Marketplace,Electronics,1,48.04,France,Bank Transfer,48.04,0.0
12824,Nicole Allen,21-08-2026,Website,Electronics,2,121.67,United States,Gift Card,243.34,0.0
12825,Nicole Wolfe,2026-08-21,Marketplace,Sports,2,275.17,United Kingdom,Bank Transfer,550.34,0.0
12826,William Martin,2026-08-21,Marketplace,Beauty,5,331.46,United Kingdom,Gift Card,1657.3,0.0
12827,James Ramirez,2026-08-21,Marketplace,Beauty,2,115.49,Canada,Bank Transfer,230.98,0.0
12828,David Newton,2026-08-21,Website,Beauty,4,344.47,France,PayPal,1377.88,0.0
12829,Miss Vickie Foster,2026-08-21,Website,Sports,3,$237.28,France,Credit Card,711.84,0.0
12830,Tanner Ponce,2026-08-21,Website,Sports,4,$85.99,United States,Gift Card,343.96,0.0
12831,Ryan Serrano,2026-08-21,Website,Apparel,3,293.68,Canada,Gift Card,881.04,0.0
12832,Phillip Stanley,2026-08-21,Website,Apparel,-3,175.58,United Kingdom,PayPal,526.74,0.0
12833,Kenneth Morris,2026-08-21,Website,Beauty,2,40.86,United Kingdom,Bank Transfer,81.72,0.0
12834,Patrick Smith,2026-08-21,Marketplace,Apparel,1,8.61,United States,Bank Transfer,8.61,0.0
12835,Erin Johnson,2026-08-21,Website,Electronics,1,22.35,Australia,Bank Transfer,22.35,0.0
12836,Beth Carroll,2026-08-21,Retail Store,Apparel,3,82.66,Australia,PayPal,247.98,0.0
12837,Daniel Peterson,2026-08-21,Website,Sports,4,264.53,Australia,Credit Card,1058.12,0.0
12838,Melissa Nelson,2026-08-21,Website,Home Goods,4,97.83,Germany,Bank Transfer,391.32,0.0
12839,Sherri Tran,2026-08-21,Website,Home Goods,3,121.83,Australia,Bank Transfer,365.49,0.0
12840,,2026-08-21,Retail Store,Electronics,1,272.31,Canada,Bank Transfer,272.31,399.81043745788895
12841,Michael Williams,21-08-2026,Website,Sports,4,25.92,Germany,PayPal,103.68,0.0
12842,Jeffrey Fox,2026-08-21,Marketplace,Home Goods,2,167.0,United States,Gift Card,334.0,0.0
12843,Jennifer Santos,2026-08-21,Website,Apparel,3,34.4,Germany,Gift Card,103.2,0.0
12844,Sheila Torres,2026-08-21,Marketplace,Beauty,1,160.42,Australia,Gift Card,160.42,0.0
12845,,2026-08-21,Website,Home Goods,4,$110.81,Germany,Credit Card,443.24,0.0
12846,Emma Ramos,2026-08-21,Retail Store,Beauty,2,33.3,France,Gift Card,66.6,92.47825111838881
12847,Roy Mills,2026-08-21,Website,Apparel,1,$279.82,Australia,Gift Card,279.82,0.0
12848,Cindy Freeman,2026-08-21,Retail Store,Apparel,3,259.36,Canada,Gift Card,778.08,92.36
12849,Chelsea Anderson,2026-08-21,Marketplace,Home Goods,1,138.03,France,Bank Transfer,138.03,18.91
12850,Amber Gonzales,2026-08-21,Marketplace,Beauty,5,291.31,Germany,Credit Card,1456.55,0.0
12851,Mark Gilbert,2026-08-21,Website,Home Goods,1,158.23,United States,Gift Card,158.23,0.0
12852,Clarence Walker,2026-08-21,Marketplace,Apparel,4,53.75,Germany,PayPal,215.0,0.0
12853,Julie Alvarez,2026-08-21,Marketplace,Apparel,5,295.45,Australia,Credit Card,1477.25,0.0
12854,Daniel Watson,2026-08-21,Marketplace,Home Goods,1,11.06,Canada,PayPal,11.06,0.0
12855,Susan Davis,2026-08-21,Marketplace,Apparel,4,165.91,Canada,Gift Card,663.64,0.0
12856,Gabrielle Lutz,2026-08-21,Retail Store,Home Goods,1865,39.42,France,Bank Transfer,197.1,59.57
12857,Emily Butler,2026-08-21,Marketplace,Beauty,2,78.44,Germany,Credit Card,156.88,0.0
12858,Victoria Jones,2026-08-21,Marketplace,Apparel,1,297.04,United Kingdom,Bank Transfer,297.04,0.0
12859,Gary Hubbard,2026-08-21,Website,Apparel,3,39.48,United States,PayPal,118.44,0.0
12860,,2026-08-21,Website,Home Goods,1,253.59,United States,Bank Transfer,253.59,0.0
12861,Eddie Massey,2026-08-21,Marketplace,Beauty,1,296.35,Australia,Gift Card,296.35,0.0
12862,Michael Lloyd,2026-08-21,Marketplace,Home Goods,5,240.53,United States,Bank Transfer,1202.65,0.0
12863,Nicole Wilson,2026-08-21,Marketplace,Home Goods,5,38.88,France,PayPal,194.4,0.0
12864,John Powell,2026-08-21,Website,Sports,2,277.94,United Kingdom,Bank Transfer,555.88,0.0
12865,Erica Key,2026-08-21,Website,Apparel,3,274.33,United Kingdom,Gift Card,822.99,0.0
12866,Rachel Blanchard,2026-08-21,Marketplace,Apparel,5,320.58,United States,Credit Card,1602.9,0.0
12867,James Newman,2026-08-21,Marketplace,Beauty,3,156.64,Australia,Credit Card,469.92,0.0
12868,Deborah Daniel,2026-08-21,Retail Store,Sports,5,178.02,United Kingdom,Credit Card,890.1,0.0
12869,,2026-08-21,Retail Store,Sports,4,243.04,France,Bank Transfer,972.16,0.0
12870,Kathleen Weaver,"August 21, 2026",Retail Store,Apparel,5,87.55,Germany,Gift Card,437.75,0.0
12871,Ariel Love,2026-08-21,Marketplace,Home Goods,3,43.82,France,Gift Card,131.46,0.0
12872,Andre Palmer,2026-08-21,Marketplace,Apparel,5,71.08,United Kingdom,PayPal,355.4,0.0
12873,Janet Wang,2026-08-21,Marketplace,Sports,3,$199.87,United Kingdom,Credit Card,599.61,0.0
12874,Gregory Ramirez,2026-08-21,Website,Apparel,-2,39.86,Australia,PayPal,79.72,0.0
12875,Julie Hartman,2026-08-21,Website,Apparel,1,71.88,United States,PayPal,71.88,0.0
12876,Anthony Todd,2026-08-21,Website,Sports,1,154.92,United States,PayPal,154.92,0.0
12877,Christine Becker,2026-08-21,Marketplace,Electronics,1,295.87,Canada,Credit Card,295.87,0.0
12878,Raymond Mitchell,2026-08-21,Retail Store,Sports,4,245.02,France,Gift Card,980.08,0.0
12879,Antonio Rodriguez,2026-08-21,Website,Beauty,2,164.85,Canada,Credit Card,329.7,0.0
12880,Warren Herman,2026-08-21,Website,Apparel,2,$38.75,France,PayPal,77.5,0.0
12881,Jasmine Larson,21-08-2026,Website,Apparel,3,83.75,Australia,Bank Transfer,251.25,0.0
12882,Linda Jones,21-08-2026,Marketplace,Apparel,5,309.42,France,Gift Card,1547.1,0.0
12883,David Becker,2026-08-21,Website,Sports,1,313.6,Germany,PayPal,313.6,0.0
12884,Anthony Smith,2026-08-21,Website,Apparel,5,87.92,Canada,Bank Transfer,439.6,0.0
12885,Jacob Gonzalez,2026-08-21,Website,Apparel,4,61.28,France,Credit Card,245.12,0.0
12886,Dorothy Lopez,2026-08-21,Website,Electronics,5,300.03,United Kingdom,Gift Card,1500.15,0.0
12887,Lucas Smith,2026-08-21,Website,Electronics,4,242.66,Canada,Credit Card,970.64,0.0
12888,Kimberly Bell,2026-08-21,Marketplace,Sports,3,23.62,Australia,PayPal,70.86,0.0
12889,Barbara Perez,2026-08-21,Marketplace,Home Goods,5,253.52,United Kingdom,PayPal,1267.6,0.0
12890,Alexander Hall,2026-08-21,Website,Apparel,3,213.83,France,Bank Transfer,641.49,0.0
12891,Kimberly Ward,2026-08-21,Website,Apparel,1,340.16,Germany,PayPal,340.16,298.04
12892,Daniel Spears,"August 21, 2026",Website,Beauty,2,31.05,Canada,Bank Transfer,62.1,0.0
12893,Amy Robinson,2026-08-21,Retail Store,Sports,4,53.78,Canada,Gift Card,215.12,0.0
12894,William Rodriguez,2026-08-21,Website,Electronics,2,116.89,Germany,Credit Card,233.78,0.0
12895,Ashley Murray,2026-08-21,Marketplace,Beauty,3,164.4,Australia,Credit Card,493.2,0.0
12896,Joshua Anderson,2026-08-21,Retail Store,Sports,4,330.31,Germany,Gift Card,1321.24,0.0
12897,Emily Paul,2026-08-21,Website,Electronics,1,$93.63,Canada,Credit Card,93.63,0.0
12898,Jeremy Garcia,2026-08-21,Website,Apparel,4,19.85,Australia,PayPal,79.4,0.0
12899,Brooke Rogers,2026-08-21,Marketplace,Electronics,4,232.95,Australia,PayPal,931.8,0.0
12900,Linda Warren,2026-08-21,Website,Apparel,3,194.97,Australia,Gift Card,584.91,0.0
12901,Leslie Williams,2026-08-21,Website,Beauty,5,32.79,Australia,Gift Card,163.95,106.65
12902,Cynthia Wood,08/21/2026,Marketplace,Home Goods,3,229.33,France,PayPal,687.99,0.0
12903,Dr. Deanna Salas,2026-08-21,Marketplace,Home Goods,4,140.07,United States,PayPal,560.28,0.0
12904,Nicole Jones,2026-08-21,Marketplace,Electronics,3,304.63,Canada,PayPal,913.89,0.0
12905,Brian Kidd,2026-08-21,Website,Beauty,2,91.2,United Kingdom,Credit Card,182.4,0.0
12906,Lynn Morgan,2026-08-21,Marketplace,Beauty,4,140.17,United Kingdom,Gift Card,560.68,0.0
12907,Antonio Mills,2026-08-21,Retail Store,Home Goods,1,292.39,Australia,PayPal,292.39,0.0
12908,Arthur Carey,2026-08-21,Website,Electronics,3,28.04,United States,Bank Transfer,84.12,0.0
12909,Angel Holden,2026-08-21,Marketplace,Beauty,3,92.9,United States,Credit Card,278.7,0.0
12910,Angela Fuller,2026-08-21,Website,Home Goods,1,244.25,Germany,Bank Transfer,244.25,0.0
12911,David Waters,08/21/2026,Marketplace,Home Goods,5,70.15,Canada,Gift Card,350.75,0.0
12912,Devin Edwards,2026-08-21,Website,Beauty,2,289.42,Germany,PayPal,578.84,0.0
12913,Leslie Guzman,2026-08-21,Website,Home Goods,3,233.31,Australia,Gift Card,699.93,0.0
12914,Justin Ho,2026-08-21,Website,Home Goods,4,172.5,France,Credit Card,690.0,0.0
12915,William Watkins,2026-08-21,Marketplace,Home Goods,4,337.16,Germany,Bank Transfer,1348.64,0.0
12916,Katherine Campos,2026-08-21,Website,Beauty,4,13.02,Canada,Bank Transfer,52.08,0.0
12917,Jeremy Carroll,2026-08-21,Website,Electronics,2,176.68,United States,Bank Transfer,353.36,0.0
12918,Kimberly Pham MD,2026-08-21,Marketplace,Home Goods,4,332.1,Germany,Credit Card,1328.4,0.0
12919,Stacey Wells,2026-08-21,Website,Apparel,3,154.1,France,Bank Transfer,462.3,0.0
12920,Kimberly Barnes,2026-08-21,Website,Apparel,3,166.52,France,PayPal,499.56,0.0
12921,Sheryl Montgomery,2026-08-21,Marketplace,Home Goods,5,76.54,United States,PayPal,382.7,0.0
12922,Kimberly Wheeler,2026-08-21,Website,Electronics,1,227.19,Canada,PayPal,227.19,0.0
12923,Tammy Collins,2026-08-21,Marketplace,Beauty,4,51.55,Germany,PayPal,206.2,42.06
12924,David Roberts,21-08-2026,Marketplace,Sports,3,103.76,France,Bank Transfer,311.28,228.59
12925,Troy Miller,2026-08-21,Website,Beauty,3,283.72,Germany,Credit Card,851.16,0.0
12926,Carolyn Zhang,"August 21, 2026",Website,Beauty,3,82.42,Australia,Bank Transfer,247.26,0.0
12927,Anthony Woodard,2026-08-21,Marketplace,Apparel,1,84.08,United States,Credit Card,84.08,0.0
12928,Beth Wall,2026-08-21,Website,Electronics,4,32.48,Canada,Gift Card,129.92,0.0
12929,Jessica Yu,2026-08-21,Website,Home Goods,2,325.2,United States,Credit Card,650.4,0.0
12930,Joshua Henry,2026-08-21,Website,Sports,1,180.34,Canada,Credit Card,180.34,129.0
12931,Thomas Ramos,08/21/2026,Website,Home Goods,5,131.76,United States,Credit Card,658.8,0.0
12932,Rachel Garner,08/21/2026,Marketplace,Apparel,3,$14.6,Australia,Gift Card,43.8,0.0
12933,Amber Lee,2026-08-21,Website,Home Goods,1,101.17,United States,Gift Card,101.17,0.0
12934,Jennifer Yates,08/21/2026,Retail Store,Apparel,1,252.78,Canada,Bank Transfer,252.78,0.0
12935,,2026-08-21,Website,Sports,2,$261.04,France,PayPal,522.08,0.0
12936,Shane Gentry,2026-08-21,Marketplace,Apparel,2,104.45,Germany,PayPal,208.9,0.0
12937,Melanie Johns,08/21/2026,Marketplace,Apparel,4,150.99,Australia,Credit Card,603.96,0.0
12938,Angela Graves,2026-08-21,Website,Electronics,5,328.18,Canada,Gift Card,1640.9,0.0
12939,Michael King,2026-08-21,Website,Home Goods,3,306.89,Canada,Bank Transfer,920.67,0.0
12940,Jacqueline Olsen,2026-08-21,Website,Beauty,2,105.08,United Kingdom,Gift Card,210.16,0.0
12941,Brian Campbell,21-08-2026,Marketplace,Home Goods,1,54.71,Germany,PayPal,54.71,0.0
12942,Jennifer Carr,2026-08-21,Retail Store,Apparel,2,$252.3,United Kingdom,PayPal,504.6,0.0
12943,Dale Massey,2026-08-21,Website,Sports,1,271.79,Australia,Bank Transfer,271.79,0.0
12944,Sarah White,2026-08-21,Website,Beauty,5,198.41,Germany,Bank Transfer,992.05,0.0
12945,,2026-08-21,Website,Apparel,2,15.74,United States,Gift Card,31.48,0.0
12946,Ashley Rangel,2026-08-21,Retail Store,Sports,3,252.56,Germany,Gift Card,757.68,0.0
12947,Gregory Watson,2026-08-21,Website,Electronics,3,99.3,Australia,Credit Card,297.9,193.9
12948,Russell Bryant,2026-08-21,Website,Beauty,1,167.3,United States,Credit Card,167.3,0.0
12949,Janet Douglas,2026-08-21,Retail Store,Home Goods,4,177.91,France,Credit Card,711.64,0.0
12950,William Lee,2026-08-21,Website,Home Goods,5,177.69,France,PayPal,888.45,0.0
12951,Lauren Martin,2026-08-21,Marketplace,Electronics,1,309.92,United Kingdom,Bank Transfer,309.92,0.0
12952,Marissa Taylor,2026-08-21,Marketplace,Electronics,1,329.19,Germany,Bank Transfer,329.19,0.0
12953,Brandon Acosta,2026-08-21,Retail Store,Home Goods,5,309.42,Canada,Gift Card,1547.1,374.47
12954,Thomas Price,2026-08-21,Website,Beauty,5,$340.05,Germany,PayPal,1700.25,0.0
12955,Jesse Burton,2026-08-21,Retail Store,Home Goods,5,69.79,United States,PayPal,348.95,0.0
12956,Curtis Bowers,2026-08-21,Website,Beauty,1,193.5,United Kingdom,Gift Card,193.5,0.0
12957,Donald Drake,2026-08-21,Marketplace,Electronics,2,$316.89,Germany,Gift Card,633.78,0.0
12958,Lorraine Griffith,2026-08-21,Website,Electronics,4,229.61,France,Bank Transfer,918.44,0.0
12959,Michael Anderson,2026-08-21,Website,Electronics,4,299.94,United States,Gift Card,1199.76,0.0
12960,James Castillo,2026-08-21,Marketplace,Beauty,4,185.12,United States,Gift Card,740.48,241.04
12961,Gabriel Greer,2026-08-21,Marketplace,Home Goods,4,67.52,Canada,Bank Transfer,270.08,185.61
12962,Juan Glover,2026-08-21,Website,Electronics,1,192.51,France,Bank Transfer,192.51,0.0
12963,Alexander Chung,2026-08-21,Website,Sports,4,62.86,Australia,Bank Transfer,251.44,0.0
12964,Deborah Bryant,2026-08-21,Marketplace,Apparel,3,341.79,Germany,Gift Card,1025.37,263.88
12965,Krystal Neal,2026-08-21,Website,Sports,4,221.31,United States,Bank Transfer,885.24,0.0
12966,Steven Solis,2026-08-21,Website,Apparel,1,255.92,France,Bank Transfer,255.92,0.0
12967,Kara Miller,2026-08-21,Website,Electronics,4,230.2,Canada,PayPal,920.8,0.0
12968,,2026-08-21,Marketplace,Electronics,5,133.94,Germany,Gift Card,669.7,0.0
12969,,2026-08-21,Website,Beauty,4,$174.7,France,Credit Card,698.8,0.0
12970,Spencer Holden,2026-08-21,Website,Apparel,4,209.84,Germany,Bank Transfer,839.36,0.0
12971,Michael Fox,2026-08-21,Marketplace,Sports,1,299.34,USA,Credit Card,299.34,0.0
12972,Kimberly Cardenas,2026-08-21,Marketplace,Electronics,1,11.46,Australia,PayPal,11.46,0.0
12973,Abigail Sanchez,2026-08-21,Website,Electronics,5,230.39,Australia,Gift Card,1151.95,0.0
12974,Donald Bryant,2026-08-21,Website,Electronics,5,317.46,United Kingdom,Credit Card,1587.3,0.0
12975,Amber Farrell,2026-08-21,Website,Electronics,3,240.74,United Kingdom,Gift Card,722.22,0.0
12976,Brianna Blair,2026-08-21,Website,Electronics,5,229.85,Canada,Bank Transfer,1149.25,0.0
12977,Randy Johnson,2026-08-21,Marketplace,Beauty,5,62.11,France,Credit Card,310.55,0.0
12978,Jennifer Rivera,2026-08-21,Website,Apparel,2,347.98,France,Bank Transfer,695.96,0.0
12979,Jessica Taylor,2026-08-21,Retail Store,Electronics,1,103.68,United States,Bank Transfer,103.68,0.0
12980,,2026-08-21,Marketplace,Electronics,2,120.31,Australia,Bank Transfer,240.62,0.0
12981,Sandra Johnson,2026-08-21,Website,Beauty,1,$205.96,Australia,Bank Transfer,205.96,0.0
12982,Jessica Wilson,2026-08-21,Marketplace,Home Goods,2,273.83,Australia,Gift Card,547.66,0.0
12983,Anthony Nelson,2026-08-21,Website,Sports,3,208.75,United States,Gift Card,626.25,0.0
12984,Kelly Sanchez,2026-08-21,Retail Store,Electronics,4,65.07,Australia,PayPal,260.28,0.0
12985,Randy Moore,2026-08-21,Website,Electronics,2,173.92,Germany,Bank Transfer,347.84,0.0
12986,Tyler Perry,2026-08-21,Website,Sports,1,158.0,France,Credit Card,158.0,0.0
12987,Kyle Hill,2026-08-21,Retail Store,Sports,1,28.14,United Kingdom,Gift Card,28.14,0.0
12988,Jacob Davis,2026-08-21,Website,Sports,5,268.34,Canada,Bank Transfer,1341.7,0.0
12989,Laura Wright,2026-08-21,Retail Store,Electronics,1,76.44,France,PayPal,76.44,0.0
12990,Jessica Jones,2026-08-21,Website,Electronics,2,232.04,Canada,Gift Card,464.08,409.83
12991,Chad Mullins,21-08-2026,Website,Sports,3,205.81,Australia,Gift Card,617.43,0.0
12992,Julia Rivera,2026-08-21,Website,Apparel,1,22.95,Germany,PayPal,22.95,0.0
12993,Alejandro Campbell,2026-08-21,Retail Store,Beauty,5,279.2,Australia,Gift Card,1396.0,0.0
12994,Katherine Newton,2026-08-21,Website,Beauty,3,149.13,United States,Credit Card,447.39,0.0
12995,Julia Lyons,2026-08-21,Website,Home Goods,4,104.09,France,Gift Card,416.36,0.0
12996,Raymond Daniels,2026-08-21,Marketplace,Apparel,3,201.95,France,Gift Card,605.85,0.0
12997,Kelsey Smith,2026-08-21,Website,Apparel,5,42.13,Australia,Credit Card,210.65,43.56
12998,Richard Garcia,21-08-2026,Website,Electronics,1,96.7,Canada,Credit Card,96.7,68.94
12999,Jennifer Sweeney,2026-08-21,Retail Store,Electronics,4,292.15,Australia,Bank Transfer,1168.6,0.0
13000,Gregory Green,2026-08-21,Website,Apparel,2,11.15,Australia,Gift Card,22.3,11.16
11292,Eric Sanchez,08/21/2026,Retail Store,Sports,2,57.27,United Kingdom,Bank Transfer,114.54,0.0
10596,Lisa Mckinney,2026-08-21,Retail Store,Electronics,4,36.47,Germany,Credit Card,145.88,0.0
10237,David Ellis,2026-08-21,Website,Apparel,5,324.29,Canada,Bank Transfer,1621.45,0.0
12825,Nicole Wolfe,2026-08-21,Marketplace,Sports,2,275.17,United Kingdom,Bank Transfer,550.34,0.0
11291,Theresa Simpson,2026-08-21,Website,Home Goods,5,167.18,France,PayPal,835.9,0.0
11400,Susan Wagner,2026-08-21,Website,Electronics,1,44.81,Canada,Gift Card,44.81,0.0
12517,Megan Stark,2026-08-21,Website,Beauty,4,177.09,Canada,Bank Transfer,708.36,0.0
10672,Kevin Ferrell,2026-08-21,Website,Electronics,5,337.21,Canada,PayPal,1686.05,0.0
10333,Stanley Hunt,2026-08-21,Website,Apparel,5,29.01,France,PayPal,145.05,0.0
12888,Kimberly Bell,2026-08-21,Marketplace,Sports,1373,23.62,Australia,PayPal,70.86,0.0
11436,Beverly Padilla,2026-08-21,Website,Sports,1,344.76,France,PayPal,344.76,0.0
12500,Richard Ewing,2026-08-21,Website,Apparel,2,170.57,Germany,Credit Card,341.14,0.0
11396,Christian Hampton,21-08-2026,Marketplace,Beauty,5,186.1,United States,PayPal,930.5,0.0
11029,Colton Davis,2026-08-21,Marketplace,Home Goods,2,121.84,Canada,Bank Transfer,243.68,0.0
12146,Donna Howell,2026-08-21,Website,Beauty,2,194.82,Australia,PayPal,389.64,278.99
10231,Carlos Burch,2026-08-21,Marketplace,Sports,3,210.63,France,PayPal,631.89,544.13
11802,,2026-08-21,Website,Beauty,3,90.23,Australia,Gift Card,270.69,0.0
12711,Deborah Reeves,08/21/2026,Website,Apparel,1,304.02,France,Bank Transfer,304.02,0.0
10143,Eric Tyler,2026-08-21,Website,Sports,5,199.46,France,Gift Card,997.3,0.0
12040,Amy Brown,2026-08-21,Website,Sports,5,324.33,Britain,Credit Card,1621.65,0.0
12945,Edgar Walton,2026-08-21,Website,Apparel,2,15.74,USA,Gift Card,31.48,0.0
12403,Oscar Diaz,2026-08-21,Website,Sports,5,321.15,Germany,PayPal,1605.75,522.22
12492,Thomas Benson,2026-08-21,Website,Beauty,5,111.59,United States,PayPal,557.95,0.0
11764,Philip Cardenas,2026-08-21,Retail Store,Electronics,1,188.08,United Kingdom,PayPal,188.08,0.0
10982,Mr. Steven Williams,21-08-2026,Website,Electronics,2,123.79,Germany,Credit Card,247.58,0.0
11012,Patricia Thompson,2026-08-21,Website,Electronics,5,188.43,United States,PayPal,942.15,0.0
12698,Jessica Thomas,2026-08-21,Website,Apparel,3,142.72,Germany,Credit Card,428.16,0.0
11081,Kyle Moore,2026-08-21,Website,Home Goods,3,93.93,United States,Gift Card,281.79,97.93
10172,Donald Wright,"August 21, 2026",Website,Electronics,1,$295.4,United States,Gift Card,295.4,0.0
10558,Nicole Miranda,08/21/2026,Website,Beauty,2,301.18,United States,PayPal,602.36,0.0
11227,Lee Guerra,2026-08-21,Marketplace,Electronics,3,273.61,Canada,Gift Card,820.83,0.0
12592,David Bullock,21-08-2026,Retail Store,Beauty,1,341.2,United States,Credit Card,341.2,0.0
10339,Mark Ortiz,2026-08-21,Website,Apparel,1,137.75,Australia,PayPal,137.75,0.0
12855,Susan Davis,2026-08-21,Marketplace,Apparel,609,165.91,Canada,Gift Card,663.64,0.0
12320,Robert Scott,2026-08-21,Website,Electronics,5,169.95,United States,Bank Transfer,849.75,0.0
11158,Douglas Butler,2026-08-21,Retail Store,Beauty,1,96.74,France,PayPal,96.74,0.0
10650,Sharon Sawyer,2026-08-21,Website,Electronics,4,281.57,Australia,PayPal,1126.28,0.0
10314,John Morrow,2026-08-21,Retail Store,Apparel,5,$140.44,United States,Credit Card,702.2,0.0
12732,Rachel Johnson,2026-08-21,Marketplace,Sports,5,58.3,Germany,Gift Card,291.5,0.0
12383,,2026-08-21,Website,Electronics,5,81.43,United States,Bank Transfer,407.15,0.0
10550,Dawn Chavez,08/21/2026,Website,Home Goods,3,219.14,Canada,Gift Card,657.42,0.0
11191,Tina Soto,2026-08-21,Website,Electronics,5,247.7,Germany,PayPal,1238.5,0.0
10632,Cody Morgan,2026-08-21,Marketplace,Electronics,3,$162.11,France,Credit Card,486.33,0.0
10153,Scott Johnson,2026-08-21,Marketplace,Sports,1,30.99,France,Credit Card,30.99,0.0
12129,Whitney Chambers,2026-08-21,Retail Store,Apparel,1,144.41,France,Bank Transfer,144.41,129.1
10111,Christopher Matthews,2026-08-21,Website,Electronics,1,291.57,Australia,Gift Card,291.57,31.57
12938,Angela Graves,2026-08-21,Website,Electronics,5,328.18,Canada,Gift Card,1640.9,0.0
12894,William Rodriguez,2026-08-21,Website,Electronics,2,116.89,Germany,Credit Card,233.78,0.0
10730,Eric Olson,08/21/2026,Website,Sports,1,191.36,United States,Gift Card,191.36,0.0
11597,Martin Chang,2026-08-21,Website,Sports,2,27.6,United States,Bank Transfer,55.2,13.03
11872,Nicholas Cook,2026-08-21,Retail Store,Home Goods,3,214.91,France,PayPal,644.73,0.0
12399,Brittany Case,2026-08-21,Website,Electronics,2,345.17,Canada,Gift Card,690.34,0.0
11103,Joseph Fields,2026-08-21,Website,Sports,4,204.3,Britain,Bank Transfer,817.2,0.0
11468,Benjamin Munoz,2026-08-21,Marketplace,Sports,5,210.51,Germany,Gift Card,1052.55,0.0
11410,Thomas King,2026-08-21,Retail Store,Home Goods,2,274.72,Germany,Credit Card,549.44,0.0
12460,Michael Torres,2026-08-21,Marketplace,Home Goods,2,339.8,France,PayPal,679.6,163.35
10108,Gabriel Ramsey,2026-08-21,Marketplace,Home Goods,5,219.47,Australia,Credit Card,1097.35,504.9
10481,,21-08-2026,Retail Store,Sports,5,$258.79,United Kingdom,Gift Card,1293.95,0.0
12902,Cynthia Wood,2026-08-21,Marketplace,Home Goods,3,$229.33,France,PayPal,687.99,0.0
11078,Robert Mclaughlin,2026-08-21,Marketplace,Apparel,1,22.59,Australia,PayPal,22.59,17.63
11564,,2026-08-21,Website,Sports,5,197.17,Germany,Bank Transfer,985.85,0.0
11480,Kelly Flores DDS,2026-08-21,Website,Electronics,5,297.16,Canada,Credit Card,1485.8,0.0
12019,Susan Jones,2026-08-21,Marketplace,Electronics,3,261.14,Canada,Bank Transfer,783.42,0.0
12043,Michael Meyer,2026-08-21,Website,Home Goods,3,40.66,United Kingdom,Gift Card,121.98,0.0
12672,Gabriel Jenkins,2026-08-21,Website,Sports,5,143.38,United States,Credit Card,716.9,0.0
11216,Vincent Harris,2026-08-21,Marketplace,Home Goods,3,86.17,Australia,Credit Card,258.51,0.0
11369,Theresa Brown,2026-08-21,Website,Beauty,-4,177.97,United Kingdom,Credit Card,711.88,0.0
11406,Eric Gonzalez,2026-08-21,Marketplace,Apparel,4,329.46,Canada,Gift Card,1317.84,0.0
12617,Thomas Fields,2026-08-21,Website,Apparel,1,94.0,United Kingdom,Bank Transfer,94.0,81.86
11140,Tracy Chen,2026-08-21,Marketplace,Beauty,4,$206.85,United States,Credit Card,827.4,0.0
10528,Robert Armstrong,2026-08-21,Marketplace,Apparel,3,144.62,Germany,PayPal,433.86,295.88
12033,Bruce Johnson,2026-08-21,Website,Electronics,3,156.52,Australia,PayPal,469.56,265.37
10266,Scott Juarez,2026-08-21,Website,Electronics,2,267.97,United States,Bank Transfer,535.94,0.0
12131,Kelly Burnett,2026-08-21,Retail Store,Electronics,4,279.28,Germany,Credit Card,1117.12,0.0
12300,Charles Higgins Jr.,2026-08-21,Marketplace,Beauty,4,244.44,United States,PayPal,977.76,0.0
12431,Dennis Gomez,2026-08-21,Retail Store,Electronics,1,239.52,Australia,PayPal,239.52,0.0
12695,Nicholas Harrington,2026-08-21,Marketplace,Home Goods,1,157.7,Canada,PayPal,157.7,0.0
12992,Julia Rivera,2026-08-21,Website,Apparel,1,$22.95,Germany,PayPal,22.95,0.0
11853,Barbara Bradford,2026-08-21,Marketplace,Electronics,3,57.22,U.K.,Bank Transfer,171.66,0.0
10348,Steven Fuller,2026-08-21,Website,Sports,-1,236.95,Canada,Credit Card,236.95,0.0
11487,,2026-08-21,Website,Electronics,5,205.76,France,Credit Card,1028.8,0.0
10832,Kelly Rose,2026-08-21,Website,Electronics,2,226.9,Germany,Bank Transfer,453.8,0.0
10241,Lori Navarro,2026-08-21,Marketplace,Sports,2,38.3,Germany,PayPal,76.6,0.0
12692,Ann Cook,2026-08-21,Marketplace,Electronics,5,116.72,France,Gift Card,583.6,365.48
10356,Tracy Washington,2026-08-21,Website,Sports,5,8.38,Australia,Bank Transfer,41.9,0.0
10905,Peter Coleman,21-08-2026,Marketplace,Beauty,5,243.84,France,Credit Card,1219.2,0.0
10521,Eduardo Malone,2026-08-21,Marketplace,Sports,5,144.04,France,Gift Card,720.2,0.0
11137,Micheal Johnson,2026-08-21,Website,Sports,1,153.83,Australia,Gift Card,153.83,0.0
11734,Jose Smith,2026-08-21,Website,Home Goods,3,162.26,United Kingdom,Credit Card,486.78,0.0
11573,Victoria Drake,2026-08-21,Website,Sports,5,210.26,Canada,Credit Card,1051.3,0.0
12110,Erin Villarreal,2026-08-21,Website,Apparel,1,172.87,Canada,Credit Card,172.87,0.0
12235,Bonnie Martin,21-08-2026,Website,Home Goods,1,154.53,Australia,Bank Transfer,154.53,0.0
11738,Ronald Wong,2026-08-21,Website,Apparel,2,$98.75,France,Credit Card,197.5,0.0
11620,Brianna Smith,2026-08-21,Website,Beauty,5,193.7,Canada,Gift Card,968.5,0.0
12703,Jonathan Arias,2026-08-21,Marketplace,Electronics,5,199.87,Germany,PayPal,999.35,0.0
12706,Jacob James,2026-08-21,Retail Store,Apparel,1,194.8,France,Gift Card,194.8,0.0
11051,Susan Padilla,08/21/2026,Retail Store,Electronics,1,132.97,United States,Bank Transfer,132.97,0.0
10064,Christopher Peterson,"August 21, 2026",Website,Home Goods,2,145.87,Australia,PayPal,291.74,0.0
12954,Thomas Price,2026-08-21,Website,Beauty,5,340.05,Germany,PayPal,1700.25,0.0
10737,Andrew Thompson,2026-08-21,Website,Apparel,3,264.05,Germany,Bank Transfer,792.15,0.0
10867,David Jones,2026-08-21,Marketplace,Home Goods,1,116.6,Germany,PayPal,116.6,0.0
12633,Melissa Thompson,2026-08-21,Website,Electronics,5,331.16,Canada,PayPal,1655.8,0.0
10577,Cindy Owens,2026-08-21,Website,Beauty,1,114.84,United Kingdom,Credit Card,114.84,0.0
12665,Rachel Rodriguez,2026-08-21,Marketplace,Electronics,4,98.48,Australia,Gift Card,393.92,0.0
11849,Ashley Dominguez,2026-08-21,Website,Beauty,4,119.82,France,Credit Card,479.28,0.0
11177,Randy Schultz,2026-08-21,Marketplace,Sports,2,258.86,United States,Bank Transfer,517.72,0.0
11314,Sarah Johnson,2026-08-21,Website,Electronics,5,314.66,France,Bank Transfer,1573.3,0.0
10994,Aimee Wright,2026-08-21,Website,Apparel,2,141.19,Australia,PayPal,282.38,0.0
12137,Priscilla Villanueva,2026-08-21,Marketplace,Beauty,4,155.6,UK,Gift Card,622.4,0.0
10271,Joel Davis,2026-08-21,Website,Beauty,1,146.5,Germany,Gift Card,146.5,0.0
10369,Jennifer Edwards,"August 21, 2026",Website,Sports,913,232.71,United Kingdom,PayPal,465.42,0.0
10099,Ashley Richardson,2026-08-21,Website,Apparel,1,293.4,United Kingdom,Gift Card,293.4,56.64
10597,,2026-08-21,Website,Apparel,4,307.88,United States,Gift Card,1231.52,0.0
12537,Paul Henderson,2026-08-21,Website,Apparel,5,185.4,United Kingdom,Gift Card,927.0,0.0
10016,Wayne Pollard,2026-08-21,Retail Store,Sports,1,254.66,United States,Bank Transfer,254.66,0.0
11115,John Vasquez,2026-08-21,Marketplace,Apparel,4,292.91,Australia,PayPal,1171.64,0.0
11882,Laura Dean,2026-08-21,Website,Apparel,3,42.37,United States,PayPal,127.11,0.0
12122,Jeffrey Phillips,2026-08-21,Marketplace,Apparel,3,67.71,Canada,PayPal,203.13,0.0
11333,Christian Johnston,2026-08-21,Marketplace,Apparel,5,$303.24,Canada,Credit Card,1516.2,0.0
10291,Timothy Tucker,2026-08-21,Website,Apparel,5,54.44,United States,Credit Card,272.2,0.0
10789,Zoe Wright,2026-08-21,Marketplace,Electronics,2,215.5,Germany,PayPal,431.0,192.36
12873,Janet Wang,2026-08-21,Marketplace,Sports,3,199.87,United Kingdom,Credit Card,599.61,0.0
11888,Nicholas Chambers,2026-08-21,Website,Apparel,4,18.09,France,Bank Transfer,72.36,0.0
11212,Kimberly Johnson,2026-08-21,Website,Sports,5,245.63,Germany,Credit Card,1228.15,0.0
12002,Amanda Green,2026-08-21,Marketplace,Electronics,3,342.19,United States,PayPal,1026.57,0.0
11569,Darlene Coleman,2026-08-21,Marketplace,Apparel,4,20.31,Canada,PayPal,81.24,0.0
12115,,2026-08-21,Website,Beauty,4,88.25,France,Gift Card,353.0,0.0
10957,Michael Moore,2026-08-21,Website,Electronics,1211,50.71,France,Credit Card,50.71,0.0
11108,Donald Woods,2026-08-21,Website,Sports,4,107.94,Canada,Gift Card,431.76,0.0
10557,Leslie Martin,2026-08-21,Website,Beauty,2,118.12,France,Bank Transfer,236.24,0.0
11753,Christopher Hernandez,2026-08-21,Website,Apparel,4,127.93,United Kingdom,Gift Card,511.72,0.0
12511,Mr. Michael Hill,2026-08-21,Website,Apparel,1,135.95,Australia,Bank Transfer,135.95,0.0
12494,William Hoffman,2026-08-21,Retail Store,Apparel,-1,122.83,France,Bank Transfer,122.83,0.0
10489,Alexis Parker,2026-08-21,Website,Beauty,2,257.29,Australia,Gift Card,514.58,0.0
11326,Erik Gonzales,2026-08-21,Marketplace,Beauty,3,260.23,Canada,Credit Card,780.69,109.2
11615,Eric Hamilton,2026-08-21,Marketplace,Sports,5,159.34,France,Credit Card,796.7,0.0
11428,Jennifer Yates,2026-08-21,Marketplace,Apparel,5,22.22,France,PayPal,111.1,0.0
11448,David Torres,2026-08-21,Website,Sports,4,310.85,United Kingdom,Credit Card,1243.4,0.0
12531,Theodore Young,"August 21, 2026",Retail Store,Home Goods,2,309.89,Germany,PayPal,619.78,0.0
10144,Shawn Kim,2026-08-21,Website,Home Goods,2,83.69,France,PayPal,167.38,0.0
10524,Alice Hanson,2026-08-21,Retail Store,Electronics,4,330.66,France,Credit Card,1322.64,0.0
11026,James Singleton,2026-08-21,Marketplace,Sports,3,120.15,United States,Bank Transfer,360.45,0.0
10530,Desiree Lindsey,21-08-2026,Website,Electronics,3,110.39,Australia,Bank Transfer,331.17,0.0
11112,Timothy Spears,2026-08-21,Website,Apparel,4,34.89,United States,Bank Transfer,139.56,0.0
12737,Elizabeth Nguyen,2026-08-21,Marketplace,Electronics,4,$23.59,Australia,Bank Transfer,94.36,0.0
10219,Angela Meyers,2026-08-21,Marketplace,Home Goods,4,271.86,Australia,Bank Transfer,1087.44,880.22
10612,Jeffrey Davis,2026-08-21,Marketplace,Beauty,4,337.3,France,Bank Transfer,1349.2,0.0
12823,William Barr,08/21/2026,Marketplace,Electronics,1,48.04,France,Bank Transfer,48.04,0.0
10740,Margaret Aguirre,2026-08-21,Marketplace,Apparel,1,71.27,United States,PayPal,71.27,0.0
10858,,2026-08-21,Marketplace,Home Goods,2,254.08,United Kingdom,Credit Card,508.16,0.0
11456,Justin Brown,2026-08-21,Marketplace,Home Goods,5,260.18,United States,Credit Card,1300.9,0.0
10789,Zoe Wright,2026-08-21,Marketplace,Electronics,2,215.5,Germany,PayPal,431.0,192.36
10356,Tracy Washington,2026-08-21,Website,Sports,5,8.38,Australia,Bank Transfer,41.9,0.0
10339,Mark Ortiz,2026-08-21,Website,Apparel,1,137.75,Australia,PayPal,137.75,0.0
11026,James Singleton,2026-08-21,Marketplace,Sports,-3,120.15,United States,Bank Transfer,360.45,0.0
10069,Adam Ware,21-08-2026,Marketplace,Beauty,2,299.02,United Kingdom,Credit Card,598.04,0.0
11687,Gabriel Franklin,2026-08-21,Website,Sports,5,222.65,France,Bank Transfer,1113.25,0.0
12490,Angela Graves,2026-08-21,Website,Apparel,4,66.97,Australia,Bank Transfer,267.88,0.0
10108,Gabriel Ramsey,2026-08-21,Marketplace,Home Goods,-5,219.47,Australia,Credit Card,1097.35,504.9
12459,Andrew Lloyd,2026-08-21,Website,Sports,2,277.05,France,Bank Transfer,554.1,0.0
11195,Angelica Douglas,2026-08-21,Website,Electronics,3,231.72,Germany,Bank Transfer,695.16,0.0
10982,Mr. Steven Williams,2026-08-21,Website,Electronics,2,123.79,Germany,Credit Card,247.58,307.2168078628308
10102,Nicole Dunn,2026-08-21,Website,Sports,3,345.22,United States,Credit Card,1035.66,0.0
12172,Aaron Brown,2026-08-21,Website,Apparel,3,20.72,Canada,Credit Card,62.16,0.0
10550,Dawn Chavez,2026-08-21,Website,Home Goods,3,219.14,Canada,Gift Card,657.42,0.0
12712,Julie Carter,2026-08-21,Marketplace,Electronics,4,348.66,Canada,PayPal,1394.64,0.0
10740,Margaret Aguirre,2026-08-21,Marketplace,Apparel,1,71.27,United States,PayPal,71.27,0.0
10153,Scott Johnson,2026-08-21,Marketplace,Sports,1,30.99,France,Credit Card,30.99,0.0
12672,Gabriel Jenkins,2026-08-21,Website,Sports,5,143.38,United States,Credit Card,716.9,0.0
11887,Kristin Moreno,2026-08-21,Website,Beauty,2,267.89,Germany,PayPal,535.78,0.0
10736,,2026-08-21,Website,Home Goods,4,$201.5,Germany,Gift Card,806.0,0.0
10266,Scott Juarez,2026-08-21,Website,Electronics,2,267.97,United States,Bank Transfer,535.94,0.0
11487,Sonia Williams MD,2026-08-21,Website,Electronics,5,205.76,France,Credit Card,1028.8,0.0
11108,Donald Woods,2026-08-21,Website,Sports,4,107.94,Canada,Gift Card,431.76,0.0
12443,Kristen Schroeder,2026-08-21,Website,Sports,2,155.39,Australia,Gift Card,310.78,0.0
11428,Jennifer Yates,2026-08-21,Marketplace,Apparel,5,22.22,France,PayPal,111.1,0.0
12930,Joshua Henry,2026-08-21,Website,Sports,1,180.34,Canada,Credit Card,180.34,129.0
11209,Teresa Pierce,2026-08-21,Website,Apparel,4,232.61,France,PayPal,930.44,0.0
10241,,2026-08-21,Marketplace,Sports,2,38.3,Germany,PayPal,76.6,0.0
12434,James Schmidt,2026-08-21,Marketplace,Electronics,3,138.47,Germany,Bank Transfer,415.41,0.0
10644,Anthony Taylor,2026-08-21,Retail Store,Electronics,2,277.66,Australia,Gift Card,555.32,0.0
11757,Roger Lewis,2026-08-21,Website,Electronics,5,167.77,France,PayPal,838.85,0.0
11710,Timothy Payne,2026-08-21,Retail Store,Home Goods,4,258.93,France,Credit Card,1035.72,0.0
10692,Martin Gonzalez,2026-08-21,Marketplace,Electronics,2,$264.17,France,Bank Transfer,528.34,0.0
11805,James Chaney,2026-08-21,Website,Sports,4,49.15,United Kingdom,Credit Card,196.6,0.0
10464,Theresa Vincent,2026-08-21,Marketplace,Sports,4,116.83,Australia,Gift Card,467.32,0.0
11197,Lisa Duarte,2026-08-21,Marketplace,Electronics,5,124.02,France,Credit Card,620.1,0.0
11227,Lee Guerra,2026-08-21,Marketplace,Electronics,3,273.61,Canada,Gift Card,820.83,0.0
10961,James Cox,2026-08-21,Retail Store,Home Goods,2,198.12,France,Bank Transfer,396.24,0.0
10219,Angela Meyers,2026-08-21,Marketplace,Home Goods,4,271.86,Australia,Bank Transfer,1087.44,880.22
10530,Desiree Lindsey,2026-08-21,Website,Electronics,3,110.39,Australia,Bank Transfer,331.17,0.0
12069,Ashley Kaiser,2026-08-21,Marketplace,Home Goods,4,321.32,United States,Credit Card,1285.28,0.0
12003,Christopher Bradley,"August 21, 2026",Marketplace,Apparel,4,173.9,Canada,PayPal,695.6,0.0
11294,,2026-08-21,Website,Apparel,1,180.46,France,PayPal,180.46,0.0
10313,,2026-08-21,Retail Store,Sports,3,295.19,United Kingdom,Bank Transfer,885.57,0.0
12879,Antonio Rodriguez,2026-08-21,Website,Beauty,2,164.85,Canada,Credit Card,329.7,0.0
12937,Melanie Johns,2026-08-21,Marketplace,Apparel,4,150.99,Australia,Credit Card,603.96,0.0
10144,Shawn Kim,2026-08-21,Website,Home Goods,2,83.69,France,PayPal,167.38,0.0
11692,Amanda Mercado,2026-08-21,Marketplace,Sports,5,249.48,Australia,PayPal,1247.4,0.0
10016,Wayne Pollard,2026-08-21,Retail Store,Sports,1,254.66,United States,Bank Transfer,254.66,0.0
12234,Angela Walker,2026-08-21,Retail Store,Home Goods,1,256.81,Canada,Gift Card,256.81,0.0
12990,Jessica Jones,2026-08-21,Website,Electronics,2,232.04,Canada,Gift Card,464.08,409.83
12681,Edward Browning,2026-08-21,Website,Sports,1,309.81,United States,PayPal,309.81,235.59
12860,Courtney Soto,2026-08-21,Website,Home Goods,1,253.59,United States,Bank Transfer,253.59,0.0
11491,Tyler Henderson,2026-08-21,Website,Electronics,4,181.42,France,PayPal,725.68,850.4249915311138
10581,Rebecca Anderson,2026-08-21,Website,Home Goods,1,153.13,Germany,PayPal,153.13,0.0
12119,Ronald Jenkins,2026-08-21,Marketplace,Apparel,5,87.97,France,Credit Card,439.85,0.0
11726,Charles Roberts,2026-08-21,Website,Electronics,3,150.09,Canada,PayPal,450.27,0.0
10333,Stanley Hunt,2026-08-21,Website,Apparel,5,29.01,France,PayPal,145.05,0.0
11088,Emily Moore,2026-08-21,Website,Apparel,4,$299.58,Germany,Bank Transfer,1198.32,0.0
12426,Stephanie Chapman,2026-08-21,Website,Beauty,5,214.97,Canada,Bank Transfer,1074.85,590.52
12707,Stephen Castro,"August 21, 2026",Marketplace,Home Goods,4,154.54,Britain,Bank Transfer,618.16,0.0
10316,Tammy Miller,"August 21, 2026",Website,Electronics,5,323.58,Australia,Credit Card,1617.9,0.0
11930,Kendra Farrell,2026-08-21,Website,Sports,5,137.62,Germany,Gift Card,688.1,0.0
11793,,2026-08-21,Website,Beauty,3,213.83,Australia,PayPal,641.49,498.47
11877,Robert Brown,2026-08-21,Website,Electronics,2,321.88,Britain,Gift Card,643.76,0.0
12500,Richard Ewing,2026-08-21,Website,Apparel,2,170.57,Germany,Credit Card,341.14,0.0
11108,Donald Woods,2026-08-21,Website,Sports,4,107.94,Canada,Gift Card,431.76,0.0
12035,Trevor Oneill,2026-08-21,Marketplace,Home Goods,1,196.0,Germany,Gift Card,196.0,136.27
11314,Sarah Johnson,2026-08-21,Website,Electronics,5,314.66,France,Bank Transfer,1573.3,0.0
11893,Lisa Riley,2026-08-21,Marketplace,Electronics,1,152.77,United States,Bank Transfer,152.77,0.0
11933,Linda Cook,2026-08-21,Website,Home Goods,3,143.56,Germany,Credit Card,430.68,0.0
11126,Michael Marquez,2026-08-21,Marketplace,Electronics,5,196.99,United Kingdom,Credit Card,984.95,0.0
12562,Brenda Romero,2026-08-21,Marketplace,Electronics,1,308.98,France,PayPal,308.98,0.0
11851,David Kane,2026-08-21,Marketplace,Electronics,4,25.38,United Kingdom,Gift Card,101.52,0.0
10159,Justin Taylor,2026-08-21,Retail Store,Sports,2,184.71,U.K.,Gift Card,369.42,0.0
11819,Laura Brooks,2026-08-21,Website,Sports,1,163.23,Germany,Gift Card,163.23,0.0
10970,Jacqueline Butler,2026-08-21,Website,Home Goods,5,321.91,Australia,Credit Card,1609.55,0.0
11903,Andrew Brown,2026-08-21,Marketplace,Beauty,5,$230.12,Australia,PayPal,1150.6,1626.5305220648715
10905,Peter Coleman,21-08-2026,Marketplace,Beauty,5,243.84,France,Credit Card,1219.2,0.0
11834,Ryan Barnes,2026-08-21,Marketplace,Apparel,1,14.23,United Kingdom,PayPal,14.23,0.0
12637,Anthony Garza,2026-08-21,Retail Store,Apparel,2,8.65,Germany,PayPal,17.3,0.0
10600,Christopher Fox,"August 21, 2026",Website,Apparel,1,256.78,France,Gift Card,256.78,0.0
11163,Donald Brown,08/21/2026,Website,Beauty,5,240.29,Germany,Credit Card,1201.45,0.0
12679,Brittany Bryan,2026-08-21,Website,Sports,2,311.97,Germany,PayPal,623.94,0.0
10481,Joshua Bates,2026-08-21,Retail Store,Sports,5,258.79,United Kingdom,Gift Card,1293.95,0.0
11640,Cassie Williams,2026-08-21,Marketplace,Sports,2,316.53,France,Credit Card,633.06,0.0
10588,Marilyn Sanford MD,2026-08-21,Retail Store,Home Goods,5,273.41,United States,Credit Card,1367.05,0.0
10983,Andrew Harris,21-08-2026,Retail Store,Apparel,4,135.96,Australia,Gift Card,543.84,0.0
10500,Christopher Frank,2026-08-21,Website,Electronics,1,341.05,Canada,Credit Card,341.05,0.0
12169,Jason Freeman,21-08-2026,Website,Electronics,2,257.13,United States,Credit Card,514.26,0.0
11867,Timothy Hayes,2026-08-21,Retail Store,Apparel,4,96.51,United Kingdom,Gift Card,386.04,0.0
11227,Lee Guerra,21-08-2026,Marketplace,Electronics,3,273.61,Canada,Gift Card,820.83,0.0
10808,Lauren Vargas,2026-08-21,Marketplace,Home Goods,4,173.62,Canada,Bank Transfer,694.48,0.0
12337,Daniel Brock,2026-08-21,Marketplace,Sports,3,27.77,United Kingdom,PayPal,83.31,66.55
11425,Richard Boyd,2026-08-21,Website,Apparel,1,198.48,Australia,PayPal,198.48,0.0
10076,Sydney Burnett,2026-08-21,Website,Home Goods,1,109.21,Australia,Bank Transfer,109.21,0.0
11301,Melissa Campos,2026-08-21,Marketplace,Electronics,3,327.84,USA,PayPal,983.52,0.0
12086,Kathy Davis,"August 21, 2026",Retail Store,Beauty,2,140.82,Canada,Gift Card,281.64,0.0
10231,Carlos Burch,2026-08-21,Marketplace,Sports,3,210.63,France,PayPal,631.89,544.13
10172,Donald Wright,2026-08-21,Website,Electronics,1,295.4,United States,Gift Card,295.4,0.0
11232,Joshua Wilson,21-08-2026,Marketplace,Beauty,3,$315.89,United Kingdom,Credit Card,947.67,0.0
10935,,2026-08-21,Website,Electronics,1,38.77,Germany,Credit Card,38.77,0.0
11904,William Young,2026-08-21,Retail Store,Home Goods,2,$234.36,United Kingdom,PayPal,468.72,0.0
10028,Carrie Wilson,2026-08-21,Marketplace,Electronics,4,298.59,Australia,Gift Card,1194.36,0.0
12708,Mackenzie Cabrera,2026-08-21,Marketplace,Beauty,3,192.55,Germany,Bank Transfer,577.65,0.0
10260,Christine Gregory,2026-08-21,Website,Sports,1,271.14,Australia,PayPal,271.14,0.0
12845,Arthur Roberts,2026-08-21,Website,Home Goods,4,110.81,Germany,Credit Card,443.24,0.0
10512,Lori Hurley,2026-08-21,Website,Electronics,4,296.71,United States,Gift Card,1186.84,0.0
11156,Scott Brown,08/21/2026,Marketplace,Apparel,891,294.54,United States,Bank Transfer,1178.16,0.0
12227,Elizabeth Grant,2026-08-21,Website,Home Goods,5,172.73,Australia,Bank Transfer,863.65,155.05
11797,,"August 21, 2026",Website,Electronics,2,63.08,United States,Bank Transfer,126.16,0.0
10930,Diane Lopez,2026-08-21,Website,Beauty,4,44.24,United Kingdom,Credit Card,176.96,34.44
11697,John Thompson,2026-08-21,Website,Beauty,3,284.28,United States,Bank Transfer,852.84,0.0
11992,Ryan Gould MD,2026-08-21,Website,Apparel,2,68.15,United States,PayPal,136.3,32.69
11064,Madeline Hill,21-08-2026,Marketplace,Home Goods,1,308.41,United Kingdom,PayPal,308.41,0.0
12706,Jacob James,2026-08-21,Retail Store,Apparel,1,194.8,France,Gift Card,194.8,0.0
10585,Carlos Gordon,2026-08-21,Website,Electronics,5,74.0,United States,Credit Card,370.0,0.0
12849,Chelsea Anderson,2026-08-21,Marketplace,Home Goods,1,138.03,France,Bank Transfer,138.03,18.91
10271,Joel Davis,2026-08-21,Website,Beauty,1,146.5,Germany,Gift Card,146.5,0.0
12392,Scott Pacheco,2026-08-21,Website,Home Goods,1,225.7,France,Bank Transfer,225.7,0.0
12730,Rita Stanley,2026-08-21,Retail Store,Home Goods,3,120.76,Canada,PayPal,362.28,0.0
12484,Mr. Andrew Richardson,2026-08-21,Marketplace,Beauty,2,60.59,United States,Bank Transfer,121.18,0.0
12622,Patrick Rodriguez,2026-08-21,Marketplace,Beauty,4,10.21,Australia,Gift Card,40.84,0.0
11694,Christopher Long,2026-08-21,Website,Electronics,4,317.51,Australia,PayPal,1270.04,0.0
12242,Calvin Thomas,2026-08-21,Website,Apparel,2,215.11,United States,PayPal,430.22,0.0
12091,Christopher Gray,2026-08-21,Marketplace,Apparel,3,323.44,France,PayPal,970.32,0.0
10875,Scott Sanchez,2026-08-21,Website,Apparel,3,153.44,Germany,Credit Card,460.32,632.7982693257948
10092,Richard Goodman,2026-08-21,Retail Store,Apparel,1,308.78,Germany,Gift Card,308.78,0.0
11987,Brendan Hill,2026-08-21,Retail Store,Home Goods,1,$20.51,U.S.,Bank Transfer,20.51,14.5
10777,Amanda Vaughn,2026-08-21,Website,Electronics,1077,149.59,France,PayPal,747.95,0.0
12314,Michael Hughes,2026-08-21,Marketplace,Electronics,1,$160.83,Germany,Bank Transfer,160.83,0.0
11406,Eric Gonzalez,2026-08-21,Marketplace,Apparel,4,329.46,Canada,Gift Card,1317.84,0.0
12897,Emily Paul,21-08-2026,Website,Electronics,1,93.63,Canada,Credit Card,93.63,0.0
11813,Jennifer Estrada,2026-08-21,Website,Sports,3,125.64,Germany,Credit Card,376.92,0.0
10849,Alexander Lee II,2026-08-21,Website,Home Goods,3,75.81,Canada,Gift Card,227.43,0.0
12002,Amanda Green,2026-08-21,Marketplace,Electronics,3,342.19,United States,PayPal,1026.57,0.0
12729,Brian Shea,2026-08-21,Website,Home Goods,3,136.07,United States,PayPal,408.21,0.0
10628,Briana Rogers,2026-08-21,Website,Sports,4,284.05,Germany,Bank Transfer,1136.2,0.0
12364,Keith Stanton,2026-08-21,Website,Beauty,3,310.77,United States,Gift Card,932.31,0.0
11724,Carlos Allison,2026-08-21,Website,Beauty,2,267.01,UK,Credit Card,534.02,0.0
11936,Jason Strong,2026-08-21,Marketplace,Beauty,3,235.7,Germany,PayPal,707.1,0.0
12285,Claudia Fischer,2026-08-21,Website,Electronics,2,9.27,Canada,Credit Card,18.54,0.0
10785,Jessica Robinson,2026-08-21,Retail Store,Electronics,1,114.8,Germany,Gift Card,114.8,0.0
12032,Tara Beck,2026-08-21,Retail Store,Beauty,1,348.94,Canada,Gift Card,348.94,0.0
12196,Eric Cordova,2026-08-21,Website,Beauty,5,68.16,Australia,Gift Card,340.8,0.0
10291,Timothy Tucker,2026-08-21,Website,Apparel,5,54.44,United States,Credit Card,272.2,0.0
10593,Cathy Davis,"August 21, 2026",Website,Beauty,3,303.25,United Kingdom,PayPal,909.75,0.0
12509,Michelle Robinson,2026-08-21,Retail Store,Apparel,3,$82.44,Australia,Credit Card,247.32,0.0
12895,Ashley Murray,2026-08-21,Marketplace,Beauty,3,164.4,Australia,Credit Card,493.2,0.0
12063,Kristen Brown,2026-08-21,Website,Beauty,5,89.41,Canada,PayPal,447.05,0.0
10557,Leslie Martin,08/21/2026,Website,Beauty,2,118.12,France,Bank Transfer,236.24,0.0
12938,Angela Graves,2026-08-21,Website,Electronics,5,328.18,Canada,Gift Card,1640.9,0.0
11758,William Caldwell,2026-08-21,Website,Beauty,2,303.1,France,Credit Card,606.2,0.0
10887,Frank Young,2026-08-21,Website,Beauty,3,109.63,Britain,Gift Card,328.89,0.0
12981,Sandra Johnson,2026-08-21,Website,Beauty,1,205.96,Australia,Bank Transfer,205.96,0.0
10153,Scott Johnson,2026-08-21,Marketplace,Sports,1,30.99,France,Credit Card,30.99,0.0
10538,Charles Sexton,2026-08-21,Marketplace,Electronics,4,207.7,United States,Gift Card,830.8,0.0
